<?xml version="1.0" encoding="Windows-1252" ?>
<!--
File name:           Zenburn.xml
Style Name:          Zenburn
Description:         Zenburn-like style for Notepad++.
                     Inspired by the original Zenburn colorscheme for Vim by Jani Nurminen.
					 Official Vim Zenburn home page: http://slinky.imukuppi.org/zenburnpage/
Supported languages: All the languages supported by release 5.4.5
Created by:          Jani Kes?nen (jani dot kesanen gmail com)
Released:            13.08.2009
License:             Feel free to modify this style and re-release it. This style is available under the terms of the GNU Free License.
-->
<NotepadPlus>
    <LexerStyles>
        <LexerType name="actionscript" desc="ActionScript" ext="">
            <WordsStyle name="DEFAULT" styleID="11" fgColor="DCDCCC" bgColor="3F3F3F" fontName="" fontStyle="0" fontSize="" />
            <WordsStyle name="FUNCTION" styleID="20" fgColor="EFEF8F" bgColor="3F3F3F" fontName="" fontStyle="0" fontSize="" keywordClass="type2" />
            <WordsStyle name="PREPROCESSOR" styleID="9" fgColor="FFCFAF" bgColor="3F3F3F" fontName="" fontStyle="0" fontSize="" />
            <WordsStyle name="INSTRUCTION WORD" styleID="5" fgColor="DFC47D" bgColor="3F3F3F" fontName="" fontStyle="1" fontSize="" keywordClass="instre1" />
            <WordsStyle name="TYPE WORD" styleID="16" fgColor="CEDF99" bgColor="3F3F3F" fontName="" fontStyle="1" fontSize="" keywordClass="type1" />
            <WordsStyle name="NUMBER" styleID="4" fgColor="8CD0D3" bgColor="3F3F3F" fontName="" fontStyle="0" fontSize="" />
            <WordsStyle name="STRING" styleID="6" fgColor="C89191" bgColor="3F3F3F" fontName="" fontStyle="0" fontSize="" />
            <WordsStyle name="CHARACTER" styleID="7" fgColor="DCA3A3" bgColor="3F3F3F" fontName="" fontStyle="0" fontSize="" />
            <WordsStyle name="OPERATOR" styleID="10" fgColor="DCA3A3" bgColor="3F3F3F" fontName="" fontStyle="1" fontSize="" />
            <WordsStyle name="VERBATIM" styleID="13" fgColor="CC9393" bgColor="3F3F3F" fontName="" fontStyle="0" fontSize="" />
            <WordsStyle name="REGEX" styleID="14" fgColor="C89191" bgColor="3F3F3F" fontName="" fontStyle="1" fontSize="" />
            <WordsStyle name="COMMENT" styleID="1" fgColor="7F9F7F" bgColor="3F3F3F" fontName="" fontStyle="3" fontSize="" />
            <WordsStyle name="COMMENT LINE" styleID="2" fgColor="7F9F7F" bgColor="3F3F3F" fontName="" fontStyle="3" fontSize="" />
            <WordsStyle name="COMMENT DOC" styleID="3" fgColor="7F9F7F" bgColor="3F3F3F" fontName="" fontStyle="2" fontSize="" />
            <WordsStyle name="COMMENT LINE DOC" styleID="15" fgColor="7F9F7F" bgColor="3F3F3F" fontName="" fontStyle="2" fontSize="" />
            <WordsStyle name="COMMENT DOC KEYWORD" styleID="17" fgColor="7F9F7F" bgColor="3F3F3F" fontName="" fontStyle="3" fontSize="" />
            <WordsStyle name="COMMENT DOC KEYWORD ERROR" styleID="18" fgColor="7F9F7F" bgColor="3F3F3F" fontName="" fontStyle="2" fontSize="" />
        </LexerType>
        <LexerType name="ada" desc="ADA" ext="">
            <WordsStyle name="DEFAULT" styleID="0" fgColor="DCDCCC" bgColor="3F3F3F" fontName="" fontStyle="0" fontSize="" />
            <WordsStyle name="INSTRUCTION WORD" styleID="1" fgColor="DFC47D" bgColor="3F3F3F" fontName="" fontStyle="1" fontSize="" keywordClass="instre1" />
            <WordsStyle name="IDENTIFIER" styleID="2" fgColor="DCDCCC" bgColor="3F3F3F" fontName="" fontStyle="0" fontSize="" />
            <WordsStyle name="NUMBER" styleID="3" fgColor="8CD0D3" bgColor="3F3F3F" fontName="" fontStyle="0" fontSize="" />
            <WordsStyle name="DELIMITER" styleID="4" fgColor="9F9D6D" bgColor="3F3F3F" fontName="" fontStyle="1" fontSize="" />
            <WordsStyle name="CHARACTER" styleID="5" fgColor="DCA3A3" bgColor="3F3F3F" fontName="" fontStyle="0" fontSize="" />
            <WordsStyle name="CHARACTER EOL" styleID="6" fgColor="DCA3A3" bgColor="3F3F3F" fontName="" fontStyle="0" fontSize="" />
            <WordsStyle name="STRING" styleID="7" fgColor="CC9393" bgColor="3F3F3F" fontName="" fontStyle="0" fontSize="" />
            <WordsStyle name="STRING EOL" styleID="8" fgColor="CC9393" bgColor="3F3F3F" fontName="" fontStyle="0" fontSize="" />
            <WordsStyle name="LABEL" styleID="9" fgColor="CEDF99" bgColor="3F3F3F" fontName="" fontStyle="1" fontSize="" />
            <WordsStyle name="COMMENT LINE" styleID="10" fgColor="7F9F7F" bgColor="3F3F3F" fontName="" fontStyle="3" fontSize="" />
            <WordsStyle name="ILLEGAL" styleID="11" fgColor="EBD6EB" bgColor="3F3F3F" fontName="" fontStyle="0" fontSize="" />
        </LexerType>
        <LexerType name="asp" desc="asp" ext="asp">
            <WordsStyle name="DEFAULT" styleID="81" fgColor="DCDCCC" bgColor="3F3F3F" fontName="" fontStyle="0" fontSize="" />
            <WordsStyle name="COMMENTLINE" styleID="82" fgColor="7F9F7F" bgColor="3F3F3F" fontName="" fontStyle="3" fontSize="" />
            <WordsStyle name="NUMBER" styleID="83" fgColor="8CD0D3" bgColor="3F3F3F" fontName="" fontStyle="0" fontSize="" />
            <WordsStyle name="WORD" styleID="84" fgColor="DCDCCC" bgColor="3F3F3F" fontName="" fontStyle="1" fontSize="" keywordClass="instre1" />
            <WordsStyle name="STRING" styleID="85" fgColor="CC9393" bgColor="3F3F3F" fontName="" fontStyle="0" fontSize="" />
            <WordsStyle name="STRINGEOL" styleID="87" fgColor="CC9393" bgColor="3F3F3F" fontName="" fontStyle="0" fontSize="" />
            <WordsStyle name="IDENTIFIER" styleID="86" fgColor="FFCFAF" bgColor="3F3F3F" fontName="" fontStyle="0" fontSize="" />
            <WordsStyle name="ASPSYBOL" styleID="15" fgColor="DFC47D" bgColor="3F3F3F" fontName="" fontStyle="1" fontSize="" />
            <WordsStyle name="SCRIPTTYPE" styleID="16" fgColor="DFDFDF" bgColor="3F3F3F" fontName="" fontStyle="0" fontSize="" />
        </LexerType>
        <LexerType name="asm" desc="Assembler" ext="">
            <WordsStyle name="DEFAULT" styleID="0" fgColor="DCDCCC" bgColor="3F3F3F" fontName="" fontStyle="0" fontSize="" />
            <WordsStyle name="COMMENT" styleID="1" fgColor="7F9F7F" bgColor="3F3F3F" fontName="" fontStyle="2" fontSize="" />
            <WordsStyle name="NUMBER" styleID="2" fgColor="8CD0D3" bgColor="3F3F3F" fontName="" fontStyle="0" fontSize="" />
            <WordsStyle name="STRING" styleID="3" fgColor="C89191" bgColor="3F3F3F" fontName="" fontStyle="0" fontSize="" />
            <WordsStyle name="OPERATOR" styleID="4" fgColor="9F9D6D" bgColor="3F3F3F" fontName="" fontStyle="1" fontSize="" />
            <WordsStyle name="IDENTIFIER" styleID="5" fgColor="FFCFAF" bgColor="3F3F3F" fontName="" fontStyle="0" fontSize="" />
            <WordsStyle name="CPU INSTRUCTION" styleID="6" fgColor="E3CEAB" bgColor="3F3F3F" fontName="" fontStyle="1" fontSize="" keywordClass="instre1" />
            <WordsStyle name="MATH INSTRUCTION" styleID="7" fgColor="E3CEAB" bgColor="3F3F3F" fontName="" fontStyle="1" fontSize="" keywordClass="instre2" />
            <WordsStyle name="REGISTER" styleID="8" fgColor="FFEBDD" bgColor="3F3F3F" fontName="" fontStyle="2" fontSize="" keywordClass="type1" />
            <WordsStyle name="DIRECTIVE" styleID="9" fgColor="CEDF99" bgColor="3F3F3F" fontName="" fontStyle="0" fontSize="" keywordClass="type2" />
            <WordsStyle name="DIRECTIVE OPERAND" styleID="10" fgColor="9F9D6D" bgColor="3F3F3F" fontName="" fontStyle="1" fontSize="" keywordClass="type3" />
            <WordsStyle name="COMMENT BLOCK" styleID="11" fgColor="7F9F7F" bgColor="3F3F3F" fontName="" fontStyle="3" fontSize="" />
            <WordsStyle name="CHARACTER" styleID="12" fgColor="DCA3A3" bgColor="3F3F3F" fontName="" fontStyle="0" fontSize="" />
            <WordsStyle name="STRINGEOL" styleID="13" fgColor="DCA3A3" bgColor="3F3F3F" fontName="" fontStyle="0" fontSize="" />
            <WordsStyle name="EXT INSTRUCTION" styleID="14" fgColor="E3CEAB" bgColor="3F3F3F" fontName="" fontStyle="1" fontSize="" keywordClass="type4" />
        </LexerType>
        <LexerType name="autoit" desc="autoIt" ext="">
            <WordsStyle name="DEFAULT" styleID="0" fgColor="DCDCCC" bgColor="3F3F3F" fontName="" fontStyle="0" fontSize="" />
            <WordsStyle name="COMMENT LINE" styleID="1" fgColor="7F9F7F" bgColor="3F3F3F" fontName="" fontStyle="3" fontSize="" />
            <WordsStyle name="COMMENT" styleID="2" fgColor="7F9F7F" bgColor="3F3F3F" fontName="" fontStyle="3" fontSize="" />
            <WordsStyle name="NUMBER" styleID="3" fgColor="8CD0D3" bgColor="3F3F3F" fontName="" fontStyle="0" fontSize="" />
            <WordsStyle name="FUNCTION" styleID="4" fgColor="EFEF8F" bgColor="3F3F3F" fontName="" fontStyle="0" fontSize="" keywordClass="instre2" />
            <WordsStyle name="INSTRUCTION WORD" styleID="5" fgColor="DFC47D" bgColor="3F3F3F" fontName="" fontStyle="1" fontSize="" keywordClass="instre1" />
            <WordsStyle name="MACRO" styleID="6" fgColor="FFEBDD" bgColor="3F3F3F" fontName="" fontStyle="0" fontSize="" keywordClass="type1" />
            <WordsStyle name="STRING" styleID="7" fgColor="CC9393" bgColor="3F3F3F" fontName="" fontStyle="0" fontSize="" />
            <WordsStyle name="OPERATOR" styleID="8" fgColor="9F9D6D" bgColor="3F3F3F" fontName="" fontStyle="1" fontSize="" />
            <WordsStyle name="VARIABLE" styleID="9" fgColor="DCDCCC" bgColor="3F3F3F" fontName="" fontStyle="2" fontSize="" />
            <WordsStyle name="SENT" styleID="10" fgColor="DCDCCC" bgColor="3F3F3F" fontName="" fontStyle="0" fontSize="" keywordClass="type2" />
            <WordsStyle name="PREPROCESSOR" styleID="11" fgColor="FFCFAF" bgColor="3F3F3F" fontName="" fontStyle="0" fontSize="" keywordClass="type3" />
            <WordsStyle name="SPECIAL" styleID="12" fgColor="FFEBDD" bgColor="3F3F3F" fontName="" fontStyle="0" fontSize="" keywordClass="type4" />
            <WordsStyle name="EXPAND" styleID="13" fgColor="CEDF99" bgColor="3F3F3F" fontName="" fontStyle="0" fontSize="" keywordClass="type5" />
            <WordsStyle name="COMOBJ" styleID="14" fgColor="DCDCCC" bgColor="3F3F3F" fontName="" fontStyle="0" fontSize="" />
        </LexerType>
        <LexerType name="bash" desc="bash" ext="">
            <WordsStyle name="DEFAULT" styleID="0" fgColor="DCDCCC" bgColor="3F3F3F" fontName="" fontStyle="0" fontSize="" />
            <WordsStyle name="ERROR" styleID="1" fgColor="EDD6ED" bgColor="3F3F3F" fontName="" fontStyle="1" fontSize="" />
            <WordsStyle name="INSTRUCTION WORD" styleID="4" fgColor="DFC47D" bgColor="3F3F3F" fontName="" fontStyle="1" fontSize="" keywordClass="instre1" />
            <WordsStyle name="NUMBER" styleID="3" fgColor="8CD0D3" bgColor="3F3F3F" fontName="" fontStyle="0" fontSize="" />
            <WordsStyle name="STRING" styleID="5" fgColor="CC9393" bgColor="3F3F3F" fontName="" fontStyle="0" fontSize="" />
            <WordsStyle name="CHARACTER" styleID="6" fgColor="DCA3A3" bgColor="3F3F3F" fontName="" fontStyle="0" fontSize="" />
            <WordsStyle name="OPERATOR" styleID="7" fgColor="9F9D6D" bgColor="3F3F3F" fontName="" fontStyle="1" fontSize="" />
            <WordsStyle name="IDENTIFIER" styleID="8" fgColor="DCDCCC" bgColor="3F3F3F" fontName="" fontStyle="0" fontSize="" />
            <WordsStyle name="SCALAR" styleID="9" fgColor="E3CEAB" bgColor="3F3F3F" fontName="" fontStyle="1" fontSize="" />
            <WordsStyle name="COMMENT LINE" styleID="2" fgColor="7F9F7F" bgColor="3F3F3F" fontName="" fontStyle="3" fontSize="" />
            <WordsStyle name="PARAM" styleID="10" fgColor="FFEBDD" bgColor="3F3F3F" fontName="" fontStyle="0" fontSize="" />
            <WordsStyle name="BACKTICKS" styleID="11" fgColor="CEDF99" bgColor="3F3F3F" fontName="" fontStyle="1" fontSize="" />
            <WordsStyle name="HERE DELIM" styleID="12" fgColor="FFCFAF" bgColor="3F3F3F" fontName="" fontStyle="1" fontSize="" />
            <WordsStyle name="HERE Q" styleID="13" fgColor="DCDCCC" bgColor="3F3F3F" fontName="" fontStyle="2" fontSize="" />
        </LexerType>
        <LexerType name="batch" desc="Batch" ext="">
            <WordsStyle name="DEFAULT" styleID="0" fgColor="DCDCCC" bgColor="3F3F3F" fontName="" fontStyle="0" fontSize="" />
            <WordsStyle name="COMMENT" styleID="1" fgColor="7F9F7F" bgColor="3F3F3F" fontName="" fontStyle="2" fontSize="" />
            <WordsStyle name="KEYWORDS" styleID="2" fgColor="DCDCCC" bgColor="3F3F3F" fontName="" fontStyle="1" fontSize="" keywordClass="instre1" />
            <WordsStyle name="LABEL" styleID="3" fgColor="DFC47D" bgColor="3F3F3F" fontName="" fontStyle="1" fontSize="" />
            <WordsStyle name="HIDE SYBOL" styleID="4" fgColor="8CD0D3" bgColor="3F3F3F" fontName="" fontStyle="0" fontSize="" />
            <WordsStyle name="COMMAND" styleID="5" fgColor="FFCFAF" bgColor="3F3F3F" fontName="" fontStyle="0" fontSize="" />
            <WordsStyle name="VARIABLE" styleID="6" fgColor="CC9393" bgColor="3F3F3F" fontName="" fontStyle="1" fontSize="" />
            <WordsStyle name="OPERATOR" styleID="7" fgColor="9F9D6D" bgColor="3F3F3F" fontName="" fontStyle="1" fontSize="" />
        </LexerType>
        <LexerType name="c" desc="C" ext="">
            <WordsStyle name="PREPROCESSOR" styleID="9" fgColor="FFCFAF" bgColor="3F3F3F" fontName="" fontStyle="0" fontSize="" />
            <WordsStyle name="DEFAULT" styleID="11" fgColor="DCDCCC" bgColor="3F3F3F" fontName="" fontStyle="0" fontSize="" />
            <WordsStyle name="INSTRUCTION WORD" styleID="5" fgColor="DFC47D" bgColor="3F3F3F" fontName="" fontStyle="1" fontSize="" keywordClass="instre1" />
            <WordsStyle name="TYPE WORD" styleID="16" fgColor="CEDF99" bgColor="3F3F3F" fontName="" fontStyle="1" fontSize="" keywordClass="type1" />
            <WordsStyle name="NUMBER" styleID="4" fgColor="8CD0D3" bgColor="3F3F3F" fontName="" fontStyle="0" fontSize="" />
            <WordsStyle name="STRING" styleID="6" fgColor="CC9393" bgColor="3F3F3F" fontName="" fontStyle="0" fontSize="" />
            <WordsStyle name="CHARACTER" styleID="7" fgColor="DCA3A3" bgColor="3F3F3F" fontName="" fontStyle="0" fontSize="" />
            <WordsStyle name="OPERATOR" styleID="10" fgColor="9F9D6D" bgColor="3F3F3F" fontName="" fontStyle="1" fontSize="" />
            <WordsStyle name="VERBATIM" styleID="13" fgColor="CC9393" bgColor="3F3F3F" fontName="" fontStyle="0" fontSize="" />
            <WordsStyle name="REGEX" styleID="14" fgColor="C89191" bgColor="3F3F3F" fontName="" fontStyle="1" fontSize="" />
            <WordsStyle name="COMMENT" styleID="1" fgColor="7F9F7F" bgColor="3F3F3F" fontName="" fontStyle="2" fontSize="" />
            <WordsStyle name="COMMENT LINE" styleID="2" fgColor="7F9F7F" bgColor="3F3F3F" fontName="" fontStyle="3" fontSize="" />
            <WordsStyle name="COMMENT DOC" styleID="3" fgColor="7F9F7F" bgColor="3F3F3F" fontName="" fontStyle="3" fontSize="" />
            <WordsStyle name="COMMENT LINE DOC" styleID="15" fgColor="7F9F7F" bgColor="3F3F3F" fontName="" fontStyle="2" fontSize="" />
            <WordsStyle name="COMMENT DOC KEYWORD" styleID="17" fgColor="7F9F7F" bgColor="3F3F3F" fontName="" fontStyle="3" fontSize="" />
            <WordsStyle name="COMMENT DOC KEYWORD ERROR" styleID="18" fgColor="7F9F7F" bgColor="3F3F3F" fontName="" fontStyle="2" fontSize="" />
        </LexerType>
        <LexerType name="caml" desc="Caml" ext="">
            <WordsStyle name="DEFAULT" styleID="0" fgColor="DCDCCC" bgColor="3F3F3F" fontName="" fontStyle="0" fontSize="" />
            <WordsStyle name="IDENTIFIER" styleID="1" fgColor="E3CEAB" bgColor="3F3F3F" fontName="" fontStyle="0" fontSize="" />
            <WordsStyle name="TAGNAME" styleID="2" fgColor="FFCFAF" bgColor="3F3F3F" fontName="" fontStyle="0" fontSize="" />
            <WordsStyle name="INSTRUCTION WORD" styleID="3" fgColor="DFC47D" bgColor="3F3F3F" fontName="" fontStyle="1" fontSize="" keywordClass="instre1" />
            <WordsStyle name="BUILIN FUNC &amp; TYPE" styleID="4" fgColor="FFEBDD" bgColor="3F3F3F" fontName="" fontStyle="0" fontSize="" keywordClass="instre2" />
            <WordsStyle name="TYPE" styleID="5" fgColor="CEDF99" bgColor="3F3F3F" fontName="" fontStyle="1" fontSize="" keywordClass="type1" />
            <WordsStyle name="LINENUM" styleID="6" fgColor="C2BE9E" bgColor="3F3F3F" fontName="" fontStyle="0" fontSize="" />
            <WordsStyle name="OPERATOR" styleID="7" fgColor="9F9D6D" bgColor="3F3F3F" fontName="" fontStyle="1" fontSize="" />
            <WordsStyle name="NUMBER" styleID="8" fgColor="8CD0D3" bgColor="3F3F3F" fontName="" fontStyle="0" fontSize="" />
            <WordsStyle name="CHARACTER" styleID="9" fgColor="DCA3A3" bgColor="3F3F3F" fontName="" fontStyle="0" fontSize="" />
            <WordsStyle name="STRING" styleID="11" fgColor="C89191" bgColor="3F3F3F" fontName="" fontStyle="0" fontSize="" />
            <WordsStyle name="COMMENT" styleID="12" fgColor="7F9F7F" bgColor="3F3F3F" fontName="" fontStyle="3" fontSize="" />
            <WordsStyle name="COMMENT LINE" styleID="13" fgColor="7F9F7F" bgColor="3F3F3F" fontName="" fontStyle="3" fontSize="" />
            <WordsStyle name="COMMENT DOC" styleID="14" fgColor="7F9F7F" bgColor="3F3F3F" fontName="" fontStyle="2" fontSize="" />
            <WordsStyle name="COMMENT LINE DOC" styleID="15" fgColor="7F9F7F" bgColor="3F3F3F" fontName="" fontStyle="2" fontSize="" />
        </LexerType>
        <LexerType name="cmake" desc="CMakeFile" ext="cmake">
            <WordsStyle name="DEFAULT" styleID="0" fgColor="DCDCCC" bgColor="3F3F3F" fontName="" fontStyle="0" fontSize="" />
            <WordsStyle name="COMMENT" styleID="1" fgColor="7F9F7F" bgColor="3F3F3F" fontName="" fontStyle="3" fontSize="" />
            <WordsStyle name="STRING D" styleID="2" fgColor="C89191" bgColor="3F3F3F" fontName="" fontStyle="0" fontSize="" />
            <WordsStyle name="STRING L" styleID="3" fgColor="DCA3A3" bgColor="3F3F3F" fontName="" fontStyle="2" fontSize="" />
            <WordsStyle name="STRING R" styleID="4" fgColor="DCA3A3" bgColor="3F3F3F" fontName="" fontStyle="1" fontSize="" />
            <WordsStyle name="COMMAND" styleID="5" fgColor="EFEF8F" bgColor="3F3F3F" fontName="" fontStyle="1" fontSize="" keywordClass="instre1" />
            <WordsStyle name="PARAMETER" styleID="6" fgColor="E3CEAB" bgColor="3F3F3F" fontName="" fontStyle="0" fontSize="" />
            <WordsStyle name="VARIABLE" styleID="7" fgColor="E3CEAB" bgColor="3F3F3F" fontName="" fontStyle="0" fontSize="" />
            <WordsStyle name="USER DEFINED" styleID="8" fgColor="CEDF99" bgColor="3F3F3F" fontName="" fontStyle="1" fontSize="" keywordClass="type1" />
            <WordsStyle name="WHILEDEF" styleID="9" fgColor="FFCFAF" bgColor="3F3F3F" fontName="" fontStyle="1" fontSize="" />
            <WordsStyle name="FOREACHDEF" styleID="10" fgColor="FFCFAF" bgColor="3F3F3F" fontName="" fontStyle="1" fontSize="" />
            <WordsStyle name="IFDEF" styleID="11" fgColor="DFC47D" bgColor="3F3F3F" fontName="" fontStyle="1" fontSize="" />
            <WordsStyle name="MACRODEF" styleID="12" fgColor="DFC47D" bgColor="3F3F3F" fontName="" fontStyle="1" fontSize="" />
            <WordsStyle name="STRING VARIABLE" styleID="13" fgColor="E3CEAB" bgColor="3F3F3F" fontName="" fontStyle="2" fontSize="" />
            <WordsStyle name="NUMBER" styleID="14" fgColor="8CD0D3" bgColor="3F3F3F" fontName="" fontStyle="0" fontSize="" />
        </LexerType>
        <LexerType name="cpp" desc="C++" ext="">
            <WordsStyle name="PREPROCESSOR" styleID="9" fgColor="FFCFAF" bgColor="3F3F3F" fontName="" fontStyle="0" fontSize="" />
            <WordsStyle name="DEFAULT" styleID="11" fgColor="DCDCCC" bgColor="3F3F3F" fontName="" fontStyle="0" fontSize="" />
            <WordsStyle name="INSTRUCTION WORD" styleID="5" fgColor="DFC47D" bgColor="3F3F3F" fontName="" fontStyle="1" fontSize="" keywordClass="instre1">DATA_SECTION INITIALIZATION_SECTION PARAMETER_SECTION PRELIMINARY_CALCS_SECTION PROCEDURE_SECTION FUNCTION REPORT_SECTION RUNTIME_SECTION TOP_OF_MAIN_SECTION GLOBALS_SECTION LOCAL_CALCS END_CALCS &#x000D;&#x000A;</WordsStyle>
            <WordsStyle name="TYPE WORD" styleID="16" fgColor="CEDF99" bgColor="3F3F3F" fontName="" fontStyle="1" fontSize="" keywordClass="type1">objective_function_value random_number_generator choleski_decomp column extract_row extract_diagonal random_number_generator randpoission randn randu posfunc sin cos asin atan acos sinh cosh tanh fabs exp mfexp log log10 sqrt square pow gammln log_comb min max elem_prod elem_div det inv norm norm2 trans init_int init_number init_vector init_ivector init_matrix init_imatrix init_3darray init_4darray int number vector ivector matrix imatrix 3darray 4darray Objective_function_value dvariable dvector report set_MAX_NVAR_OFFSET set_NUM_DEPENDENT_VARIABLES set_GRADSTACK_BUFFER_SIZE set_CMPDIF_BUFFER_SIZE arrmblsize likeprof_number sdreport_number init_bounded_number init_bounded_vector init_bounded_matrix init_bounded_3darray init_bounded_4darray init_bounded_number_vector init_bounded_dev_vector sdreport_vector &#x000D;&#x000A;</WordsStyle>
            <WordsStyle name="NUMBER" styleID="4" fgColor="8CD0D3" bgColor="3F3F3F" fontName="" fontStyle="0" fontSize="" />
            <WordsStyle name="STRING" styleID="6" fgColor="CC9393" bgColor="3F3F3F" fontName="" fontStyle="0" fontSize="" />
            <WordsStyle name="CHARACTER" styleID="7" fgColor="DCA3A3" bgColor="3F3F3F" fontName="" fontStyle="0" fontSize="" />
            <WordsStyle name="OPERATOR" styleID="10" fgColor="9F9D6D" bgColor="3F3F3F" fontName="" fontStyle="1" fontSize="" />
            <WordsStyle name="VERBATIM" styleID="13" fgColor="CC9393" bgColor="3F3F3F" fontName="" fontStyle="0" fontSize="" />
            <WordsStyle name="REGEX" styleID="14" fgColor="C89191" bgColor="3F3F3F" fontName="" fontStyle="1" fontSize="" />
            <WordsStyle name="COMMENT" styleID="1" fgColor="7F9F7F" bgColor="3F3F3F" fontName="" fontStyle="3" fontSize="" />
            <WordsStyle name="COMMENT LINE" styleID="2" fgColor="7F9F7F" bgColor="3F3F3F" fontName="" fontStyle="3" fontSize="" />
            <WordsStyle name="COMMENT DOC" styleID="3" fgColor="7F9F7F" bgColor="3F3F3F" fontName="" fontStyle="2" fontSize="" />
            <WordsStyle name="COMMENT LINE DOC" styleID="15" fgColor="7F9F7F" bgColor="3F3F3F" fontName="" fontStyle="2" fontSize="" />
            <WordsStyle name="COMMENT DOC KEYWORD" styleID="17" fgColor="7F9F7F" bgColor="3F3F3F" fontName="" fontStyle="3" fontSize="" />
            <WordsStyle name="COMMENT DOC KEYWORD ERROR" styleID="18" fgColor="7F9F7F" bgColor="3F3F3F" fontName="" fontStyle="2" fontSize="" />
        </LexerType>
        <LexerType name="cs" desc="C#" ext="">
            <WordsStyle name="PREPROCESSOR" styleID="9" fgColor="FFCFAF" bgColor="3F3F3F" fontName="" fontStyle="0" fontSize="" />
            <WordsStyle name="DEFAULT" styleID="11" fgColor="DCDCCC" bgColor="3F3F3F" fontName="" fontStyle="0" fontSize="" />
            <WordsStyle name="INSTRUCTION WORD" styleID="5" fgColor="DFC47D" bgColor="3F3F3F" fontName="" fontStyle="0" fontSize="" keywordClass="instre1" />
            <WordsStyle name="TYPE WORD" styleID="16" fgColor="CEDF99" bgColor="3F3F3F" fontName="" fontStyle="0" fontSize="" />
            <WordsStyle name="NUMBER" styleID="4" fgColor="8CD0D3" bgColor="3F3F3F" fontName="" fontStyle="0" fontSize="" />
            <WordsStyle name="STRING" styleID="6" fgColor="CC9393" bgColor="3F3F3F" fontName="" fontStyle="0" fontSize="" />
            <WordsStyle name="CHARACTER" styleID="7" fgColor="DCA3A3" bgColor="3F3F3F" fontName="" fontStyle="0" fontSize="" />
            <WordsStyle name="OPERATOR" styleID="10" fgColor="9F9D6D" bgColor="3F3F3F" fontName="" fontStyle="1" fontSize="" />
            <WordsStyle name="VERBATIM" styleID="13" fgColor="CC9393" bgColor="3F3F3F" fontName="" fontStyle="0" fontSize="" />
            <WordsStyle name="REGEX" styleID="14" fgColor="C89191" bgColor="3F3F3F" fontName="" fontStyle="1" fontSize="" />
            <WordsStyle name="COMMENT" styleID="1" fgColor="7F9F7F" bgColor="3F3F3F" fontName="" fontStyle="3" fontSize="" />
            <WordsStyle name="COMMENT LINE" styleID="2" fgColor="7F9F7F" bgColor="3F3F3F" fontName="" fontStyle="3" fontSize="" />
            <WordsStyle name="COMMENT DOC" styleID="3" fgColor="7F9F7F" bgColor="3F3F3F" fontName="" fontStyle="2" fontSize="" />
            <WordsStyle name="COMMENT LINE DOC" styleID="15" fgColor="7F9F7F" bgColor="3F3F3F" fontName="" fontStyle="2" fontSize="" />
            <WordsStyle name="COMMENT DOC KEYWORD" styleID="17" fgColor="7F9F7F" bgColor="3F3F3F" fontName="" fontStyle="3" fontSize="" />
            <WordsStyle name="COMMENT DOC KEYWORD ERROR" styleID="18" fgColor="7F9F7F" bgColor="3F3F3F" fontName="" fontStyle="2" fontSize="" />
        </LexerType>
        <LexerType name="css" desc="CSS" ext="">
            <WordsStyle name="DEFAULT" styleID="0" fgColor="DCDCCC" bgColor="3F3F3F" fontName="" fontStyle="0" fontSize="" />
            <WordsStyle name="TAG" styleID="1" fgColor="E3CEAB" bgColor="3F3F3F" fontName="" fontStyle="0" fontSize="" />
            <WordsStyle name="CLASS" styleID="2" fgColor="CEDF99" bgColor="3F3F3F" fontName="" fontStyle="0" fontSize="" />
            <WordsStyle name="PSEUDOCLASS" styleID="3" fgColor="CEDF99" bgColor="3F3F3F" fontName="" fontStyle="1" fontSize="" />
            <WordsStyle name="UNKNOWN_PSEUDOCLASS" styleID="4" fgColor="CEDF99" bgColor="3F3F3F" fontName="" fontStyle="0" fontSize="" />
            <WordsStyle name="OPERATOR" styleID="5" fgColor="9F9D6D" bgColor="3F3F3F" fontName="" fontStyle="1" fontSize="" />
            <WordsStyle name="IDENTIFIER" styleID="6" fgColor="C2BE9E" bgColor="3F3F3F" fontName="" fontStyle="1" fontSize="" keywordClass="instre1" />
            <WordsStyle name="UNKNOWN_IDENTIFIER" styleID="7" fgColor="DCDCCC" bgColor="3F3F3F" fontName="" fontStyle="0" fontSize="" />
            <WordsStyle name="VALUE" styleID="8" fgColor="8CD0D3" bgColor="3F3F3F" fontName="" fontStyle="1" fontSize="" />
            <WordsStyle name="COMMENT" styleID="9" fgColor="7F9F7F" bgColor="3F3F3F" fontName="" fontStyle="3" fontSize="" />
            <WordsStyle name="ID" styleID="10" fgColor="CEDF99" bgColor="3F3F3F" fontName="" fontStyle="1" fontSize="" />
            <WordsStyle name="IMPORTANT" styleID="11" fgColor="BFCAA9" bgColor="274E27" fontName="" fontStyle="1" fontSize="" />
            <WordsStyle name="DIRECTIVE" styleID="12" fgColor="CEDF99" bgColor="3F3F3F" fontName="" fontStyle="0" fontSize="" />
        </LexerType>
        <LexerType name="diff" desc="DIFF" ext="">
            <WordsStyle name="DEFAULT" styleID="0" fgColor="DCDCCC" bgColor="3F3F3F" fontName="" fontStyle="0" fontSize="" />
            <WordsStyle name="COMMENT" styleID="1" fgColor="7F9F7F" bgColor="3F3F3F" fontName="" fontStyle="3" fontSize="" />
            <WordsStyle name="COMMAND" styleID="2" fgColor="DBDBBC" bgColor="3F3F3F" fontName="" fontStyle="1" fontSize="" />
            <WordsStyle name="HEADER" styleID="3" fgColor="DEDEBE" bgColor="3F3F3F" fontName="" fontStyle="1" fontSize="" />
            <WordsStyle name="POSITION" styleID="4" fgColor="FDCEAE" bgColor="3F3F3F" fontName="" fontStyle="1" fontSize="" />
            <WordsStyle name="DELETED" styleID="5" fgColor="CFBFAF" bgColor="3F3F3F" fontName="" fontStyle="0" fontSize="" />
            <WordsStyle name="ADDED" styleID="6" fgColor="E3CEAB" bgColor="3F3F3F" fontName="" fontStyle="0" fontSize="" />
        </LexerType>
        <LexerType name="fortran" desc="Fortran" ext="">
            <WordsStyle name="DEFAULT" styleID="0" fgColor="DCDCCC" bgColor="3F3F3F" fontName="" fontStyle="0" fontSize="" />
            <WordsStyle name="COMMENT" styleID="1" fgColor="7F9F7F" bgColor="3F3F3F" fontName="" fontStyle="3" fontSize="" />
            <WordsStyle name="NUMBER" styleID="2" fgColor="8CD0D3" bgColor="3F3F3F" fontName="" fontStyle="0" fontSize="" />
            <WordsStyle name="STRING" styleID="3" fgColor="CC9393" bgColor="3F3F3F" fontName="" fontStyle="0" fontSize="" />
            <WordsStyle name="STRING2" styleID="4" fgColor="CC9393" bgColor="3F3F3F" fontName="" fontStyle="1" fontSize="" />
            <WordsStyle name="STRINGEOL" styleID="5" fgColor="CC9393" bgColor="3F3F3F" fontName="" fontStyle="2" fontSize="" />
            <WordsStyle name="OPERATOR" styleID="6" fgColor="9F9D6D" bgColor="3F3F3F" fontName="" fontStyle="1" fontSize="" />
            <WordsStyle name="IDENTIFIER" styleID="7" fgColor="DCDCCC" bgColor="3F3F3F" fontName="" fontStyle="0" fontSize="" />
            <WordsStyle name="INSTRUCTION WORD" styleID="8" fgColor="CEDF99" bgColor="3F3F3F" fontName="" fontStyle="1" fontSize="" keywordClass="instre1" />
            <WordsStyle name="FUNCTION1" styleID="9" fgColor="EFEF8F" bgColor="3F3F3F" fontName="" fontStyle="1" fontSize="" keywordClass="instre2" />
            <WordsStyle name="FUNCTION2" styleID="10" fgColor="DFC47D" bgColor="3F3F3F" fontName="" fontStyle="1" fontSize="" keywordClass="type1" />
            <WordsStyle name="PREPROCESSOR" styleID="11" fgColor="FFCFAF" bgColor="3F3F3F" fontName="" fontStyle="0" fontSize="" />
            <WordsStyle name="OPERATOR2" styleID="12" fgColor="9F9D6D" bgColor="3F3F3F" fontName="" fontStyle="2" fontSize="" />
            <WordsStyle name="LABEL" styleID="13" fgColor="DFC47D" bgColor="3F3F3F" fontName="" fontStyle="1" fontSize="" />
            <WordsStyle name="CONTINUATION" styleID="14" fgColor="DCDCCC" bgColor="3F3F3F" fontName="" fontStyle="0" fontSize="" />
        </LexerType>
        <LexerType name="haskell" desc="Haskell" ext="">
            <WordsStyle name="DEFAULT" styleID="0" fgColor="DCDCCC" bgColor="3F3F3F" fontName="" fontStyle="0" fontSize="" />
            <WordsStyle name="IDENTIFIER" styleID="1" fgColor="FFCFAF" bgColor="3F3F3F" fontName="" fontStyle="0" fontSize="" />
            <WordsStyle name="KEYWORD" styleID="2" fgColor="E3CEAB" bgColor="3F3F3F" fontName="" fontStyle="1" fontSize="" />
            <WordsStyle name="NUMBER" styleID="3" fgColor="8CD0D3" bgColor="3F3F3F" fontName="" fontStyle="0" fontSize="" />
            <WordsStyle name="STRING" styleID="4" fgColor="C89191" bgColor="3F3F3F" fontName="" fontStyle="0" fontSize="" />
            <WordsStyle name="CHARACTER" styleID="5" fgColor="DCA3A3" bgColor="3F3F3F" fontName="" fontStyle="0" fontSize="" />
            <WordsStyle name="CLASS" styleID="6" fgColor="DFC47D" bgColor="3F3F3F" fontName="" fontStyle="1" fontSize="" />
            <WordsStyle name="MODULE" styleID="7" fgColor="FFEBDD" bgColor="3F3F3F" fontName="" fontStyle="0" fontSize="" />
            <WordsStyle name="CAPITAL" styleID="8" fgColor="DCDCCC" bgColor="3F3F3F" fontName="" fontStyle="0" fontSize="" />
            <WordsStyle name="DATA" styleID="9" fgColor="CEDF99" bgColor="3F3F3F" fontName="" fontStyle="0" fontSize="" />
            <WordsStyle name="IMPORT" styleID="10" fgColor="DCDCCC" bgColor="3F3F3F" fontName="" fontStyle="0" fontSize="" />
            <WordsStyle name="OPERATOR" styleID="11" fgColor="9F9D6D" bgColor="3F3F3F" fontName="" fontStyle="1" fontSize="" />
            <WordsStyle name="INSTANCE" styleID="12" fgColor="DCDCCC" bgColor="3F3F3F" fontName="" fontStyle="0" fontSize="" />
            <WordsStyle name="COMMENTLINE" styleID="13" fgColor="7F9F7F" bgColor="3F3F3F" fontName="" fontStyle="3" fontSize="" />
            <WordsStyle name="COMMENTBLOCK" styleID="14" fgColor="7F9F7F" bgColor="3F3F3F" fontName="" fontStyle="2" fontSize="" />
            <WordsStyle name="COMMENTBLOCK2" styleID="15" fgColor="7F9F7F" bgColor="3F3F3F" fontName="" fontStyle="2" fontSize="" />
            <WordsStyle name="COMMENTBLOCK3" styleID="16" fgColor="7F9F7F" bgColor="3F3F3F" fontName="" fontStyle="2" fontSize="" />
        </LexerType>
        <LexerType name="html" desc="HTML" ext="">
            <WordsStyle name="DEFAULT" styleID="0" fgColor="DCDCCC" bgColor="3F3F3F" fontName="" fontStyle="0" fontSize="" />
            <WordsStyle name="COMMENT" styleID="9" fgColor="7F9F7F" bgColor="3F3F3F" fontName="" fontStyle="3" fontSize="" />
            <WordsStyle name="NUMBER" styleID="5" fgColor="8CD0D3" bgColor="3F3F3F" fontName="" fontStyle="0" fontSize="" />
            <WordsStyle name="DOUBLESTRING" styleID="6" fgColor="CC9393" bgColor="3F3F3F" fontName="" fontStyle="1" fontSize="" />
            <WordsStyle name="SINGLESTRING" styleID="7" fgColor="CC9393" bgColor="3F3F3F" fontName="" fontStyle="1" fontSize="" />
            <WordsStyle name="TAG" styleID="1" fgColor="E3CEAB" bgColor="3F3F3F" fontName="" fontStyle="0" fontSize="" />
            <WordsStyle name="TAGEND" styleID="11" fgColor="E3CEAB" bgColor="3F3F3F" fontName="" fontStyle="0" fontSize="" />
            <WordsStyle name="TAGUNKNOWN" styleID="2" fgColor="EDD6ED" bgColor="3F3F3F" fontName="" fontStyle="0" fontSize="" />
            <WordsStyle name="ATTRIBUTE" styleID="3" fgColor="DFDFDF" bgColor="3F3F3F" fontName="" fontStyle="1" fontSize="" />
            <WordsStyle name="ATTRIBUTEUNKNOWN" styleID="4" fgColor="DFDFDF" bgColor="3F3F3F" fontName="" fontStyle="3" fontSize="" />
            <WordsStyle name="SGMLDEFAULT" styleID="21" fgColor="DFDFDF" bgColor="3F3F3F" fontName="" fontStyle="0" fontSize="" />
            <WordsStyle name="CDATA" styleID="17" fgColor="C89191" bgColor="3F3F3F" fontName="" fontStyle="0" fontSize="" />
            <WordsStyle name="VALUE" styleID="19" fgColor="8CD0D3" bgColor="3F3F3F" fontName="" fontStyle="1" fontSize="" />
            <WordsStyle name="ENTITY" styleID="10" fgColor="CFBFAF" bgColor="3F3F3F" fontName="" fontStyle="2" fontSize="" />
        </LexerType>
        <LexerType name="ini" desc="ini file" ext="">
            <WordsStyle name="DEFAULT" styleID="0" fgColor="DCDCCC" bgColor="3F3F3F" fontName="" fontStyle="0" fontSize="" />
            <WordsStyle name="COMMENT" styleID="1" fgColor="7F9F7F" bgColor="3F3F3F" fontName="" fontStyle="3" fontSize="" />
            <WordsStyle name="SECTION" styleID="2" fgColor="8CD0D3" bgColor="3F3F3F" fontName="" fontStyle="1" fontSize="" />
            <WordsStyle name="ASSIGNMENT" styleID="3" fgColor="9F9D6D" bgColor="3F3F3F" fontName="" fontStyle="1" fontSize="" />
            <WordsStyle name="DEFVAL" styleID="4" fgColor="FFCFAF" bgColor="3F3F3F" fontName="" fontStyle="0" fontSize="" />
        </LexerType>
        <LexerType name="inno" desc="InnoSetup" ext="">
            <WordsStyle name="DEFAULT" styleID="0" fgColor="DCDCCC" bgColor="3F3F3F" fontName="" fontStyle="0" fontSize="" />
            <WordsStyle name="COMMENT" styleID="1" fgColor="7F9F7F" bgColor="3F3F3F" fontName="" fontStyle="3" fontSize="" />
            <WordsStyle name="KEYWORD" styleID="2" fgColor="CEDF99" bgColor="3F3F3F" fontName="" fontStyle="1" fontSize="" keywordClass="instre2" />
            <WordsStyle name="PARAMETER" styleID="3" fgColor="DCDCCC" bgColor="3F3F3F" fontName="" fontStyle="1" fontSize="" keywordClass="type1" />
            <WordsStyle name="SECTION" styleID="4" fgColor="8CD0D3" bgColor="3F3F3F" fontName="" fontStyle="1" fontSize="" keywordClass="instre1" />
            <WordsStyle name="PREPROCESSOR" styleID="5" fgColor="FFCFAF" bgColor="3F3F3F" fontName="" fontStyle="1" fontSize="" keywordClass="type2" />
            <WordsStyle name="PREPROCESSOR INLINE" styleID="6" fgColor="FFCFAF" bgColor="3F3F3F" fontName="" fontStyle="0" fontSize="" />
            <WordsStyle name="COMMENT PASCAL" styleID="7" fgColor="7F9F7F" bgColor="3F3F3F" fontName="" fontStyle="2" fontSize="" />
            <WordsStyle name="KEYWORD PASCAL" styleID="8" fgColor="CEDF99" bgColor="3F3F3F" fontName="" fontStyle="3" fontSize="" keywordClass="type3" />
            <WordsStyle name="KEYWORD USER" styleID="9" fgColor="DFC47D" bgColor="3F3F3F" fontName="" fontStyle="1" fontSize="" keywordClass="type4" />
            <WordsStyle name="STRING DOUBLE" styleID="10" fgColor="C89191" bgColor="3F3F3F" fontName="" fontStyle="0" fontSize="" />
            <WordsStyle name="STRING SINGLE" styleID="11" fgColor="DCA3A3" bgColor="3F3F3F" fontName="" fontStyle="0" fontSize="" />
            <WordsStyle name="IDENTIFIER" styleID="12" fgColor="DFC47D" bgColor="3F3F3F" fontName="" fontStyle="0" fontSize="" />
        </LexerType>
        <LexerType name="java" desc="Java" ext="">
            <WordsStyle name="PREPROCESSOR" styleID="9" fgColor="FFCFAF" bgColor="3F3F3F" fontName="" fontStyle="0" fontSize="" />
            <WordsStyle name="DEFAULT" styleID="11" fgColor="DCDCCC" bgColor="3F3F3F" fontName="" fontStyle="0" fontSize="" />
            <WordsStyle name="INSTRUCTION WORD" styleID="5" fgColor="DFC47D" bgColor="3F3F3F" fontName="" fontStyle="1" fontSize="" keywordClass="instre1" />
            <WordsStyle name="TYPE WORD" styleID="16" fgColor="CEDF99" bgColor="3F3F3F" fontName="" fontStyle="1" fontSize="" keywordClass="type1" />
            <WordsStyle name="NUMBER" styleID="4" fgColor="8CD0D3" bgColor="3F3F3F" fontName="" fontStyle="0" fontSize="" />
            <WordsStyle name="STRING" styleID="6" fgColor="CC9393" bgColor="3F3F3F" fontName="" fontStyle="0" fontSize="" />
            <WordsStyle name="CHARACTER" styleID="7" fgColor="DCA3A3" bgColor="3F3F3F" fontName="" fontStyle="0" fontSize="" />
            <WordsStyle name="OPERATOR" styleID="10" fgColor="9F9D6D" bgColor="3F3F3F" fontName="" fontStyle="1" fontSize="" />
            <WordsStyle name="VERBATIM" styleID="13" fgColor="CC9393" bgColor="3F3F3F" fontName="" fontStyle="0" fontSize="" />
            <WordsStyle name="REGEX" styleID="14" fgColor="C89191" bgColor="3F3F3F" fontName="" fontStyle="1" fontSize="" />
            <WordsStyle name="COMMENT" styleID="1" fgColor="7F9F7F" bgColor="3F3F3F" fontName="" fontStyle="3" fontSize="" />
            <WordsStyle name="COMMENT LINE" styleID="2" fgColor="7F9F7F" bgColor="3F3F3F" fontName="" fontStyle="3" fontSize="" />
            <WordsStyle name="COMMENT DOC" styleID="3" fgColor="7F9F7F" bgColor="3F3F3F" fontName="" fontStyle="3" fontSize="" />
            <WordsStyle name="COMMENT LINE DOC" styleID="15" fgColor="7F9F7F" bgColor="3F3F3F" fontName="" fontStyle="2" fontSize="" />
            <WordsStyle name="COMMENT DOC KEYWORD" styleID="17" fgColor="7F9F7F" bgColor="3F3F3F" fontName="" fontStyle="2" fontSize="" />
            <WordsStyle name="COMMENT DOC KEYWORD ERROR" styleID="18" fgColor="7F9F7F" bgColor="3F3F3F" fontName="" fontStyle="2" fontSize="" />
        </LexerType>
        <LexerType name="javascript" desc="Javascript" ext="">
            <WordsStyle name="DEFAULT" styleID="41" fgColor="DCDCCC" bgColor="3F3F3F" fontName="" fontStyle="0" fontSize="" />
            <WordsStyle name="NUMBER" styleID="45" fgColor="8CD0D3" bgColor="3F3F3F" fontName="" fontStyle="0" fontSize="" />
            <WordsStyle name="WORD" styleID="46" fgColor="DCDCCC" bgColor="3F3F3F" fontName="" fontStyle="0" fontSize="" />
            <WordsStyle name="KEYWORD" styleID="47" fgColor="CEDF99" bgColor="3F3F3F" fontName="" fontStyle="3" fontSize="" keywordClass="instre1" />
            <WordsStyle name="DOUBLESTRING" styleID="48" fgColor="CC9393" bgColor="3F3F3F" fontName="" fontStyle="0" fontSize="" />
            <WordsStyle name="SINGLESTRING" styleID="49" fgColor="CC9393" bgColor="3F3F3F" fontName="" fontStyle="0" fontSize="" />
            <WordsStyle name="SYMBOLS" styleID="50" fgColor="DFC47D" bgColor="3F3F3F" fontName="" fontStyle="1" fontSize="" />
            <WordsStyle name="STRINGEOL" styleID="51" fgColor="CC9393" bgColor="3F3F3F" fontName="" fontStyle="0" fontSize="" />
            <WordsStyle name="REGEX" styleID="52" fgColor="CC9393" bgColor="3F3F3F" fontName="" fontStyle="1" fontSize="" />
            <WordsStyle name="COMMENT" styleID="42" fgColor="7F9F7F" bgColor="3F3F3F" fontName="" fontStyle="3" fontSize="" />
            <WordsStyle name="COMMENTLINE" styleID="43" fgColor="7F9F7F" bgColor="3F3F3F" fontName="" fontStyle="3" fontSize="" />
            <WordsStyle name="COMMENTDOC" styleID="44" fgColor="7F9F7F" bgColor="3F3F3F" fontName="" fontStyle="2" fontSize="" />
        </LexerType>
        <LexerType name="kix" desc="KiXtart" ext="">
            <WordsStyle name="DEFAULT" styleID="31" fgColor="DCDCCC" bgColor="3F3F3F" fontName="" fontStyle="0" fontSize="" />
            <WordsStyle name="COMMENT" styleID="1" fgColor="7F9F7F" bgColor="3F3F3F" fontName="" fontStyle="3" fontSize="" />
            <WordsStyle name="STRING" styleID="2" fgColor="CC9393" bgColor="3F3F3F" fontName="" fontStyle="0" fontSize="" />
            <WordsStyle name="STRING2" styleID="3" fgColor="DCA3A3" bgColor="3F3F3F" fontName="" fontStyle="0" fontSize="" />
            <WordsStyle name="NUMBER" styleID="4" fgColor="8CD0D3" bgColor="3F3F3F" fontName="" fontStyle="0" fontSize="" />
            <WordsStyle name="VAR" styleID="5" fgColor="CEDF99" bgColor="3F3F3F" fontName="" fontStyle="0" fontSize="" />
            <WordsStyle name="MACRO" styleID="6" fgColor="DFC47D" bgColor="3F3F3F" fontName="" fontStyle="0" fontSize="" keywordClass="instre2" />
            <WordsStyle name="INSTRUCTION WORD" styleID="7" fgColor="E3CEAB" bgColor="3F3F3F" fontName="" fontStyle="1" fontSize="" keywordClass="instre1" />
            <WordsStyle name="FUNCTION" styleID="8" fgColor="EFEF8F" bgColor="3F3F3F" fontName="" fontStyle="0" fontSize="" keywordClass="type1" />
            <WordsStyle name="OPERATOR" styleID="9" fgColor="9F9D6D" bgColor="3F3F3F" fontName="" fontStyle="1" fontSize="" />
        </LexerType>
        <LexerType name="lisp" desc="LISP" ext="">
            <WordsStyle name="DEFAULT" styleID="0" fgColor="DCDCCC" bgColor="3F3F3F" fontName="" fontStyle="0" fontSize="" />
            <WordsStyle name="COMMENTLINE" styleID="1" fgColor="7F9F7F" bgColor="3F3F3F" fontName="" fontStyle="3" fontSize="" />
            <WordsStyle name="NUMBER" styleID="2" fgColor="8CD0D3" bgColor="3F3F3F" fontName="" fontStyle="0" fontSize="" />
            <WordsStyle name="FUNCTION WORD" styleID="3" fgColor="EFEF8F" bgColor="3F3F3F" fontName="" fontStyle="1" fontSize="" keywordClass="instre1" />
            <WordsStyle name="SYMBOL" styleID="5" fgColor="E3CEAB" bgColor="3F3F3F" fontName="" fontStyle="1" fontSize="" />
            <WordsStyle name="STRING" styleID="6" fgColor="CC9393" bgColor="3F3F3F" fontName="" fontStyle="0" fontSize="" />
            <WordsStyle name="STRINGEOL" styleID="8" fgColor="DCA3A3" bgColor="3F3F3F" fontName="" fontStyle="2" fontSize="" />
            <WordsStyle name="IDENTIFIER" styleID="9" fgColor="FFCFAF" bgColor="3F3F3F" fontName="" fontStyle="0" fontSize="" />
            <WordsStyle name="OPERATOR" styleID="10" fgColor="DFC47D" bgColor="3F3F3F" fontName="" fontStyle="1" fontSize="" keywordClass="type1" />
            <WordsStyle name="SPECIAL" styleID="11" fgColor="EDD6ED" bgColor="3F3F3F" fontName="" fontStyle="2" fontSize="" />
            <WordsStyle name="COMMENT" styleID="12" fgColor="7F9F7F" bgColor="3F3F3F" fontName="" fontStyle="3" fontSize="" />
        </LexerType>
        <LexerType name="lua" desc="Lua" ext="">
            <WordsStyle name="DEFAULT" styleID="0" fgColor="DCDCCC" bgColor="3F3F3F" fontName="" fontStyle="0" fontSize="" />
            <WordsStyle name="COMMENT" styleID="1" fgColor="7F9F7F" bgColor="3F3F3F" fontName="" fontStyle="3" fontSize="" />
            <WordsStyle name="COMMENT LINE" styleID="2" fgColor="7F9F7F" bgColor="3F3F3F" fontName="" fontStyle="3" fontSize="" />
            <WordsStyle name="COMMENT DOC" styleID="3" fgColor="7F9F7F" bgColor="3F3F3F" fontName="" fontStyle="2" fontSize="" />
            <WordsStyle name="LITERALSTRING" styleID="8" fgColor="CC9393" bgColor="3F3F3F" fontName="" fontStyle="2" fontSize="" />
            <WordsStyle name="PREPROCESSOR" styleID="9" fgColor="FFCFAF" bgColor="3F3F3F" fontName="" fontStyle="0" fontSize="" />
            <WordsStyle name="INSTRUCTION WORD" styleID="5" fgColor="DFC47D" bgColor="3F3F3F" fontName="" fontStyle="1" fontSize="" keywordClass="instre1" />
            <WordsStyle name="NUMBER" styleID="4" fgColor="8CD0D3" bgColor="3F3F3F" fontName="" fontStyle="0" fontSize="" />
            <WordsStyle name="STRING" styleID="6" fgColor="CC9393" bgColor="3F3F3F" fontName="" fontStyle="0" fontSize="" />
            <WordsStyle name="CHARACTER" styleID="7" fgColor="DCA3A3" bgColor="3F3F3F" fontName="" fontStyle="0" fontSize="" />
            <WordsStyle name="OPERATOR" styleID="10" fgColor="9F9D6D" bgColor="3F3F3F" fontName="" fontStyle="1" fontSize="" />
            <WordsStyle name="FUNC1" styleID="13" fgColor="CEDF99" bgColor="3F3F3F" fontName="" fontStyle="1" fontSize="" keywordClass="instre2" />
            <WordsStyle name="FUNC2" styleID="14" fgColor="DCDCCC" bgColor="3F3F3F" fontName="" fontStyle="1" fontSize="" keywordClass="type1" />
            <WordsStyle name="FUNC3" styleID="15" fgColor="DCDCCC" bgColor="3F3F3F" fontName="" fontStyle="3" fontSize="" keywordClass="type2" />
        </LexerType>
        <LexerType name="makefile" desc="Makefile" ext="">
            <WordsStyle name="DEFAULT" styleID="0" fgColor="DCDCCC" bgColor="3F3F3F" fontName="" fontStyle="0" fontSize="" />
            <WordsStyle name="COMMENT" styleID="1" fgColor="7F9F7F" bgColor="3F3F3F" fontName="" fontStyle="3" fontSize="" />
            <WordsStyle name="PREPROCESSOR" styleID="2" fgColor="FFCFAF" bgColor="3F3F3F" fontName="" fontStyle="1" fontSize="" />
            <WordsStyle name="IDENTIFIER" styleID="3" fgColor="DFC47D" bgColor="3F3F3F" fontName="" fontStyle="0" fontSize="" />
            <WordsStyle name="OPERATOR" styleID="4" fgColor="9F9D6D" bgColor="3F3F3F" fontName="" fontStyle="1" fontSize="" />
            <WordsStyle name="TARGET" styleID="5" fgColor="CEDF99" bgColor="3F3F3F" fontName="" fontStyle="0" fontSize="" />
            <WordsStyle name="IDEOL" styleID="9" fgColor="C89191" bgColor="3F3F3F" fontName="" fontStyle="2" fontSize="" />
        </LexerType>
        <LexerType name="matlab" desc="Matlab" ext="">
            <WordsStyle name="DEFAULT" styleID="0" fgColor="DCDCCC" bgColor="3F3F3F" fontName="" fontStyle="0" fontSize="" />
            <WordsStyle name="COMMENT" styleID="1" fgColor="7F9F7F" bgColor="3F3F3F" fontName="" fontStyle="3" fontSize="" />
            <WordsStyle name="COMMAND" styleID="2" fgColor="FFCFAF" bgColor="3F3F3F" fontName="" fontStyle="0" fontSize="" />
            <WordsStyle name="NUMBER" styleID="3" fgColor="8CD0D3" bgColor="3F3F3F" fontName="" fontStyle="0" fontSize="" />
            <WordsStyle name="INSTRUCTION WORD" styleID="4" fgColor="DFC47D" bgColor="3F3F3F" fontName="" fontStyle="1" fontSize="" keywordClass="instre1" />
            <WordsStyle name="STRING" styleID="5" fgColor="C89191" bgColor="3F3F3F" fontName="" fontStyle="0" fontSize="" />
            <WordsStyle name="OPERATOR" styleID="6" fgColor="9F9D6D" bgColor="3F3F3F" fontName="" fontStyle="1" fontSize="" />
            <WordsStyle name="IDENTIFIER" styleID="7" fgColor="FFCFAF" bgColor="3F3F3F" fontName="" fontStyle="0" fontSize="" />
            <WordsStyle name="DOUBLE QUOTE STRING" styleID="8" fgColor="DCA3A3" bgColor="3F3F3F" fontName="" fontStyle="0" fontSize="" />
        </LexerType>
        <LexerType name="nfo" desc="Dos Style" ext="">
            <WordsStyle name="DEFAULT" styleID="32" fgColor="DCDCCC" bgColor="3F3F3F" fontSize="" fontStyle="0" />
        </LexerType>
        <LexerType name="nsis" desc="NSIS" ext="">
            <WordsStyle name="DEFAULT" styleID="0" fgColor="DCDCCC" bgColor="3F3F3F" fontName="" fontStyle="0" fontSize="" />
            <WordsStyle name="COMMENTLINE" styleID="1" fgColor="7F9F7F" bgColor="3F3F3F" fontName="" fontStyle="3" fontSize="" />
            <WordsStyle name="STRING DOUBLE QUOTE" styleID="2" fgColor="CC9393" bgColor="3F3F3F" fontName="" fontStyle="0" fontSize="" />
            <WordsStyle name="STRING LEFT QUOTE" styleID="3" fgColor="CC9393" bgColor="3F3F3F" fontName="" fontStyle="0" fontSize="" />
            <WordsStyle name="STRING RIGHT QUOTE" styleID="4" fgColor="CC9393" bgColor="3F3F3F" fontName="" fontStyle="0" fontSize="" />
            <WordsStyle name="FUNCTION" styleID="5" fgColor="EFEF8F" bgColor="3F3F3F" fontName="" fontStyle="0" fontSize="" keywordClass="instre1" />
            <WordsStyle name="VARIABLE" styleID="6" fgColor="FFCFAF" bgColor="3F3F3F" fontName="" fontStyle="1" fontSize="" keywordClass="instre2" />
            <WordsStyle name="LABEL" styleID="7" fgColor="DCA3A3" bgColor="3F3F3F" fontName="" fontStyle="1" fontSize="" keywordClass="type1" />
            <WordsStyle name="USER DEFINED" styleID="8" fgColor="DCDCCC" bgColor="3F3F3F" fontName="" fontStyle="4" fontSize="" keywordClass="type2" />
            <WordsStyle name="SECTION" styleID="9" fgColor="E3CEAB" bgColor="3F3F3F" fontName="" fontStyle="1" fontSize="" />
            <WordsStyle name="SUBSECTION" styleID="10" fgColor="E3CEAB" bgColor="3F3F3F" fontName="" fontStyle="3" fontSize="" />
            <WordsStyle name="IF DEFINE" styleID="11" fgColor="DCDCCC" bgColor="3F3F3F" fontName="" fontStyle="0" fontSize="" />
            <WordsStyle name="MACRO" styleID="12" fgColor="FFCFAF" bgColor="3F3F3F" fontName="" fontStyle="1" fontSize="" />
            <WordsStyle name="STRING VAR" styleID="13" fgColor="CC9393" bgColor="3F3F3F" fontName="" fontStyle="0" fontSize="" />
            <WordsStyle name="NUMBER" styleID="14" fgColor="8CD0D3" bgColor="3F3F3F" fontName="" fontStyle="0" fontSize="" />
            <WordsStyle name="SECTION GROUP" styleID="15" fgColor="E3CEAB" bgColor="3F3F3F" fontName="" fontStyle="4" fontSize="" />
            <WordsStyle name="PAGE EX" styleID="16" fgColor="DCDCCC" bgColor="3F3F3F" fontName="" fontStyle="2" fontSize="" />
            <WordsStyle name="FUNCTION DEFINITIONS" styleID="17" fgColor="EFEF8F" bgColor="3F3F3F" fontName="" fontStyle="1" fontSize="" />
            <WordsStyle name="COMMENT" styleID="18" fgColor="7F9F7F" bgColor="3F3F3F" fontName="" fontStyle="3" fontSize="" />
        </LexerType>
        <LexerType name="objc" desc="Objective-C" ext="">
            <WordsStyle name="DIRECTIVE" styleID="19" fgColor="CEDF99" bgColor="3F3F3F" fontName="" fontStyle="1" fontSize="" keywordClass="instre2" />
            <WordsStyle name="DEFAULT" styleID="11" fgColor="DCDCCC" bgColor="3F3F3F" fontName="" fontStyle="0" fontSize="" />
            <WordsStyle name="QUALIFIER" styleID="20" fgColor="DCDCCC" bgColor="3F3F3F" fontName="" fontStyle="0" fontSize="" keywordClass="type2" />
            <WordsStyle name="PREPROCESSOR" styleID="9" fgColor="FFCFAF" bgColor="3F3F3F" fontName="" fontStyle="0" fontSize="" />
            <WordsStyle name="INSTRUCTION WORD" styleID="5" fgColor="DFC47D" bgColor="3F3F3F" fontName="" fontStyle="1" fontSize="" keywordClass="instre1" />
            <WordsStyle name="TYPE WORD" styleID="16" fgColor="CEDF99" bgColor="3F3F3F" fontName="" fontStyle="1" fontSize="" keywordClass="type1" />
            <WordsStyle name="NUMBER" styleID="4" fgColor="8CD0D3" bgColor="3F3F3F" fontName="" fontStyle="0" fontSize="" />
            <WordsStyle name="STRING" styleID="6" fgColor="CC9393" bgColor="3F3F3F" fontName="" fontStyle="0" fontSize="" />
            <WordsStyle name="CHARACTER" styleID="7" fgColor="DCA3A3" bgColor="3F3F3F" fontName="" fontStyle="0" fontSize="" />
            <WordsStyle name="OPERATOR" styleID="10" fgColor="9F9D6D" bgColor="3F3F3F" fontName="" fontStyle="1" fontSize="" />
            <WordsStyle name="VERBATIM" styleID="13" fgColor="C89191" bgColor="3F3F3F" fontName="" fontStyle="0" fontSize="" />
            <WordsStyle name="REGEX" styleID="14" fgColor="C89191" bgColor="3F3F3F" fontName="" fontStyle="1" fontSize="" />
            <WordsStyle name="COMMENT" styleID="1" fgColor="7F9F7F" bgColor="3F3F3F" fontName="" fontStyle="3" fontSize="" />
            <WordsStyle name="COMMENT LINE" styleID="2" fgColor="7F9F7F" bgColor="3F3F3F" fontName="" fontStyle="3" fontSize="" />
            <WordsStyle name="COMMENT DOC" styleID="3" fgColor="7F9F7F" bgColor="3F3F3F" fontName="" fontStyle="3" fontSize="" />
            <WordsStyle name="COMMENT LINE DOC" styleID="15" fgColor="7F9F7F" bgColor="3F3F3F" fontName="" fontStyle="2" fontSize="" />
            <WordsStyle name="COMMENT DOC KEYWORD" styleID="17" fgColor="7F9F7F" bgColor="3F3F3F" fontName="" fontStyle="2" fontSize="" />
            <WordsStyle name="COMMENT DOC KEYWORD ERROR" styleID="18" fgColor="7F9F7F" bgColor="3F3F3F" fontName="" fontStyle="2" fontSize="" />
        </LexerType>
        <LexerType name="pascal" desc="Pascal" ext="">
            <WordsStyle name="DEFAULT" styleID="0" fgColor="DCDCCC" bgColor="3F3F3F" fontName="" fontStyle="0" fontSize="" />
            <WordsStyle name="PREPROCESSOR" styleID="9" fgColor="FFCFAF" bgColor="3F3F3F" fontName="" fontStyle="0" fontSize="" />
            <WordsStyle name="IDENTIFIER" styleID="11" fgColor="E3CEAB" bgColor="3F3F3F" fontName="" fontStyle="0" fontSize="" />
            <WordsStyle name="INSTRUCTION WORD" styleID="5" fgColor="DFC47D" bgColor="3F3F3F" fontName="" fontStyle="1" fontSize="" keywordClass="instre1" />
            <WordsStyle name="NUMBER" styleID="4" fgColor="8CD0D3" bgColor="3F3F3F" fontName="" fontStyle="0" fontSize="" />
            <WordsStyle name="CHARACTER" styleID="7" fgColor="DCA3A3" bgColor="3F3F3F" fontName="" fontStyle="0" fontSize="" />
            <WordsStyle name="OPERATOR" styleID="10" fgColor="9F9D6D" bgColor="3F3F3F" fontName="" fontStyle="1" fontSize="" />
            <WordsStyle name="REGEX" styleID="14" fgColor="C89191" bgColor="3F3F3F" fontName="" fontStyle="1" fontSize="" />
            <WordsStyle name="COMMENT" styleID="1" fgColor="7F9F7F" bgColor="3F3F3F" fontName="" fontStyle="3" fontSize="" />
            <WordsStyle name="COMMENT LINE" styleID="2" fgColor="7F9F7F" bgColor="3F3F3F" fontName="" fontStyle="3" fontSize="" />
            <WordsStyle name="COMMENT DOC" styleID="3" fgColor="7F9F7F" bgColor="3F3F3F" fontName="" fontStyle="2" fontSize="" />
            <WordsStyle name="PREPROCESSOR2" styleID="6" fgColor="804000" bgColor="FFFFFF" fontName="" fontStyle="0" fontSize="" />
            <WordsStyle name="HEX NUMBER" styleID="8" fgColor="8CD0D3" bgColor="3F3F3F" fontName="" fontStyle="0" fontSize="" />
            <WordsStyle name="STRING" styleID="10" fgColor="CC9393" bgColor="3F3F3F" fontName="" fontStyle="0" fontSize="" />
            <WordsStyle name="STRING EOL" styleID="10" fgColor="CC9393" bgColor="3F3F3F" fontName="" fontStyle="0" fontSize="" />
            <WordsStyle name="ASM" styleID="14" fgColor="FFEBDD" bgColor="3F3F3F" fontName="" fontStyle="1" fontSize="" />
        </LexerType>
        <LexerType name="perl" desc="Perl" ext="">
            <WordsStyle name="PREPROCESSOR" styleID="9" fgColor="FFCFAF" bgColor="3F3F3F" fontName="" fontStyle="0" fontSize="" />
            <WordsStyle name="DEFAULT" styleID="0" fgColor="DCDCCC" bgColor="3F3F3F" fontName="" fontStyle="0" fontSize="" />
            <WordsStyle name="INSTRUCTION WORD" styleID="5" fgColor="DFC47D" bgColor="3F3F3F" fontName="" fontStyle="1" fontSize="" keywordClass="instre1" />
            <WordsStyle name="NUMBER" styleID="4" fgColor="8CD0D3" bgColor="3F3F3F" fontName="" fontStyle="0" fontSize="" />
            <WordsStyle name="STRING" styleID="6" fgColor="CC9393" bgColor="3F3F3F" fontName="" fontStyle="0" fontSize="" />
            <WordsStyle name="CHARACTER" styleID="7" fgColor="DCA3A3" bgColor="3F3F3F" fontName="" fontStyle="0" fontSize="" />
            <WordsStyle name="OPERATOR" styleID="10" fgColor="9F9D6D" bgColor="3F3F3F" fontName="" fontStyle="1" fontSize="" />
            <WordsStyle name="REGEX" styleID="17" fgColor="CC9393" bgColor="3F3F3F" fontName="" fontStyle="1" fontSize="" />
            <WordsStyle name="COMMENT LINE" styleID="2" fgColor="7F9F7F" bgColor="3F3F3F" fontName="" fontStyle="3" fontSize="" />
            <WordsStyle name="SCALAR" styleID="12" fgColor="E3CEAB" bgColor="3F3F3F" fontName="" fontStyle="0" fontSize="" />
            <WordsStyle name="ARRAY" styleID="13" fgColor="CC9393" bgColor="3F3F3F" fontName="" fontStyle="0" fontSize="" />
            <WordsStyle name="HASH" styleID="14" fgColor="FFCFAF" bgColor="3F3F3F" fontName="" fontStyle="0" fontSize="" />
            <WordsStyle name="SYMBOL TABLE" styleID="15" fgColor="DCDCCC" bgColor="3F3F3F" fontName="" fontStyle="1" fontSize="" />
            <WordsStyle name="PUNCTUATION" styleID="8" fgColor="DCDCCC" bgColor="3F3F3F" fontName="" fontStyle="0" fontSize="" />
            <WordsStyle name="POD" styleID="3" fgColor="7F9F7F" bgColor="3F3F3F" fontName="" fontStyle="2" fontSize="" />
            <WordsStyle name="ERROR" styleID="1" fgColor="EBD6EB" bgColor="3F3F3F" fontName="" fontStyle="0" fontSize="" />
            <WordsStyle name="LONGQUOTE" styleID="19" fgColor="CC9393" bgColor="3F3F3F" fontName="" fontStyle="0" fontSize="" />
            <WordsStyle name="DATASECTION" styleID="21" fgColor="7F9F7F" bgColor="3F3F3F" fontName="" fontStyle="2" fontSize="" />
            <WordsStyle name="REGSUBST" styleID="18" fgColor="CC9393" bgColor="3F3F3F" fontName="" fontStyle="1" fontSize="" />
            <WordsStyle name="BACKTICKS" styleID="20" fgColor="DCDCCC" bgColor="3F3F3F" fontName="" fontStyle="1" fontSize="" />
        </LexerType>
        <LexerType name="php" desc="php" ext="">
            <WordsStyle name="QUESTION MARK" styleID="18" fgColor="7F9F7F" bgColor="3F3F3F" fontName="" fontStyle="1" fontSize="" />
            <WordsStyle name="DEFAULT" styleID="118" fgColor="DCDCCC" bgColor="3F3F3F" fontName="" fontStyle="0" fontSize="" />
            <WordsStyle name="STRING" styleID="119" fgColor="CC9393" bgColor="3F3F3F" fontName="" fontStyle="0" fontSize="" />
            <WordsStyle name="STRING VARIABLE" styleID="126" fgColor="CC9393" bgColor="3F3F3F" fontName="" fontStyle="0" fontSize="" />
            <WordsStyle name="SIMPLESTRING" styleID="120" fgColor="CC9393" bgColor="3F3F3F" fontName="" fontStyle="0" fontSize="" />
            <WordsStyle name="WORD" styleID="121" fgColor="DFC47D" bgColor="3F3F3F" fontName="" fontStyle="1" fontSize="" keywordClass="instre1" />
            <WordsStyle name="NUMBER" styleID="122" fgColor="8CD0D3" bgColor="3F3F3F" fontName="" fontStyle="0" fontSize="" />
            <WordsStyle name="VARIABLE" styleID="123" fgColor="CEDF99" bgColor="3F3F3F" fontName="" fontStyle="1" fontSize="" />
            <WordsStyle name="COMMENT" styleID="124" fgColor="7F9F7F" bgColor="3F3F3F" fontName="" fontStyle="3" fontSize="" />
            <WordsStyle name="COMMENTLINE" styleID="125" fgColor="7F9F7F" bgColor="3F3F3F" fontName="" fontStyle="0" fontSize="" />
            <WordsStyle name="OPERATOR" styleID="127" fgColor="9F9D6D" bgColor="3F3F3F" fontName="" fontStyle="1" fontSize="" />
        </LexerType>
        <LexerType name="postscript" desc="Postscript" ext="">
            <WordsStyle name="DEFAULT" styleID="0" fgColor="DCDCCC" bgColor="3F3F3F" fontName="" fontStyle="0" fontSize="" />
            <WordsStyle name="COMMENT" styleID="1" fgColor="7F9F7F" bgColor="3F3F3F" fontName="" fontStyle="3" fontSize="" />
            <WordsStyle name="DSC COMMENT" styleID="2" fgColor="7F9F7F" bgColor="3F3F3F" fontName="" fontStyle="3" fontSize="" />
            <WordsStyle name="DSC VALUE" styleID="3" fgColor="DCDCCC" bgColor="3F3F3F" fontName="" fontStyle="0" fontSize="" />
            <WordsStyle name="NUMBER" styleID="4" fgColor="8CD0D3" bgColor="3F3F3F" fontName="" fontStyle="0" fontSize="" />
            <WordsStyle name="Name" styleID="5" fgColor="CEDF99" bgColor="3F3F3F" fontName="" fontStyle="1" fontSize="" />
            <WordsStyle name="INSTRUCTION" styleID="6" fgColor="E3CEAB" bgColor="3F3F3F" fontName="" fontStyle="1" fontSize="" keywordClass="instre1" />
            <WordsStyle name="LITERAL" styleID="7" fgColor="DCDCCC" bgColor="3F3F3F" fontName="" fontStyle="1" fontSize="" />
            <WordsStyle name="IMMEVAL" styleID="8" fgColor="C89191" bgColor="3F3F3F" fontName="" fontStyle="1" fontSize="" />
            <WordsStyle name="PAREN ARRAY" styleID="9" fgColor="DFC47D" bgColor="3F3F3F" fontName="" fontStyle="1" fontSize="" />
            <WordsStyle name="PAREN DICT" styleID="10" fgColor="DFC47D" bgColor="3F3F3F" fontName="" fontStyle="1" fontSize="" />
            <WordsStyle name="PAREN PROC" styleID="11" fgColor="DFC47D" bgColor="3F3F3F" fontName="" fontStyle="1" fontSize="" />
            <WordsStyle name="TEXT" styleID="12" fgColor="CC9393" bgColor="3F3F3F" fontName="" fontStyle="0" fontSize="" />
            <WordsStyle name="HEX STRING" styleID="13" fgColor="CC9393" bgColor="3F3F3F" fontName="" fontStyle="0" fontSize="" />
            <WordsStyle name="BASE85 STRING" styleID="14" fgColor="E3CEAB" bgColor="3F3F3F" fontName="" fontStyle="0" fontSize="" />
            <WordsStyle name="BAD STRING CHAR" styleID="15" fgColor="ECA9A9" bgColor="3F3F3F" fontName="" fontStyle="2" fontSize="" />
        </LexerType>
        <LexerType name="props" desc="Properties file" ext="">
            <WordsStyle name="DEFAULT" styleID="0" fgColor="DCDCCC" bgColor="3F3F3F" fontName="" fontStyle="0" fontSize="" />
            <WordsStyle name="COMMENT" styleID="1" fgColor="7F9F7F" bgColor="3F3F3F" fontName="" fontStyle="3" fontSize="" />
            <WordsStyle name="ASSIGNMENT" styleID="3" fgColor="9F9D6D" bgColor="3F3F3F" fontName="" fontStyle="1" fontSize="" />
            <WordsStyle name="DEFVAL" styleID="4" fgColor="FFCFAF" bgColor="3F3F3F" fontName="" fontStyle="0" fontSize="" />
            <WordsStyle name="SECTION" styleID="2" fgColor="8CD0D3" bgColor="3F3F3F" fontName="" fontStyle="1" fontSize="" />
        </LexerType>
        <LexerType name="python" desc="Python" ext="">
            <WordsStyle name="DEFAULT" styleID="0" fgColor="DCDCCC" bgColor="3F3F3F" fontName="" fontStyle="0" fontSize="" />
            <WordsStyle name="COMMENTLINE" styleID="1" fgColor="7F9F7F" bgColor="3F3F3F" fontName="" fontStyle="3" fontSize="" />
            <WordsStyle name="NUMBER" styleID="2" fgColor="8CD0D3" bgColor="3F3F3F" fontName="" fontStyle="0" fontSize="" />
            <WordsStyle name="STRING" styleID="3" fgColor="CC9393" bgColor="3F3F3F" fontName="" fontStyle="0" fontSize="" />
            <WordsStyle name="CHARACTER" styleID="4" fgColor="DCA3A3" bgColor="3F3F3F" fontName="" fontStyle="0" fontSize="" />
            <WordsStyle name="KEYWORDS" styleID="5" fgColor="DFC47D" bgColor="3F3F3F" fontName="" fontStyle="1" fontSize="" keywordClass="instre1" />
            <WordsStyle name="TRIPLE" styleID="6" fgColor="7F9F7F" bgColor="3F3F3F" fontName="" fontStyle="0" fontSize="" />
            <WordsStyle name="TRIPLEDOUBLE" styleID="7" fgColor="7F9F7F" bgColor="3F3F3F" fontName="" fontStyle="0" fontSize="" />
            <WordsStyle name="CLASSNAME" styleID="8" fgColor="DCDCCC" bgColor="3F3F3F" fontName="" fontStyle="0" fontSize="" />
            <WordsStyle name="DEFNAME" styleID="9" fgColor="CEDF99" bgColor="3F3F3F" fontName="" fontStyle="0" fontSize="" />
            <WordsStyle name="OPERATOR" styleID="10" fgColor="9F9D6D" bgColor="3F3F3F" fontName="" fontStyle="1" fontSize="" />
            <WordsStyle name="IDENTIFIER" styleID="11" fgColor="DCDCCC" bgColor="3F3F3F" fontName="" fontStyle="0" fontSize="" />
            <WordsStyle name="COMMENTBLOCK" styleID="12" fgColor="7F9F7F" bgColor="3F3F3F" fontName="" fontStyle="0" fontSize="" />
            <WordsStyle name="STRINGEOL" styleID="12" fgColor="CC9393" bgColor="3F3F3F" fontName="" fontStyle="2" fontSize="" />
        </LexerType>
        <LexerType name="rc" desc="RC" ext="">
            <WordsStyle name="PREPROCESSOR" styleID="9" fgColor="FFCFAF" bgColor="3F3F3F" fontName="" fontStyle="0" fontSize="" />
            <WordsStyle name="DEFAULT" styleID="11" fgColor="DCDCCC" bgColor="3F3F3F" fontName="" fontStyle="0" fontSize="" />
            <WordsStyle name="INSTRUCTION WORD" styleID="5" fgColor="DFC47D" bgColor="3F3F3F" fontName="" fontStyle="1" fontSize="" keywordClass="instre1" />
            <WordsStyle name="TYPE WORD" styleID="16" fgColor="CEDF99" bgColor="3F3F3F" fontName="" fontStyle="1" fontSize="" />
            <WordsStyle name="NUMBER" styleID="4" fgColor="8CD0D3" bgColor="3F3F3F" fontName="" fontStyle="0" fontSize="" />
            <WordsStyle name="STRING" styleID="6" fgColor="CC9393" bgColor="3F3F3F" fontName="" fontStyle="0" fontSize="" />
            <WordsStyle name="CHARACTER" styleID="7" fgColor="DCA3A3" bgColor="3F3F3F" fontName="" fontStyle="0" fontSize="" />
            <WordsStyle name="OPERATOR" styleID="10" fgColor="9F9D6D" bgColor="3F3F3F" fontName="" fontStyle="1" fontSize="" />
            <WordsStyle name="VERBATIM" styleID="13" fgColor="CC9393" bgColor="3F3F3F" fontName="" fontStyle="0" fontSize="" />
            <WordsStyle name="REGEX" styleID="14" fgColor="C89191" bgColor="3F3F3F" fontName="" fontStyle="1" fontSize="" />
            <WordsStyle name="COMMENT" styleID="1" fgColor="7F9F7F" bgColor="3F3F3F" fontName="" fontStyle="3" fontSize="" />
            <WordsStyle name="COMMENT LINE" styleID="2" fgColor="7F9F7F" bgColor="3F3F3F" fontName="" fontStyle="3" fontSize="" />
            <WordsStyle name="COMMENT DOC" styleID="3" fgColor="7F9F7F" bgColor="3F3F3F" fontName="" fontStyle="3" fontSize="" />
            <WordsStyle name="COMMENT LINE DOC" styleID="15" fgColor="7F9F7F" bgColor="3F3F3F" fontName="" fontStyle="3" fontSize="" />
            <WordsStyle name="COMMENT DOC KEYWORD" styleID="17" fgColor="7F9F7F" bgColor="3F3F3F" fontName="" fontStyle="1" fontSize="" />
            <WordsStyle name="COMMENT DOC KEYWORD ERROR" styleID="18" fgColor="7F9F7F" bgColor="3F3F3F" fontName="" fontStyle="0" fontSize="" />
        </LexerType>
        <LexerType name="ruby" desc="Ruby" ext="">
            <WordsStyle name="DEFAULT" styleID="0" fgColor="DCDCCC" bgColor="3F3F3F" fontName="" fontStyle="0" fontSize="" />
            <WordsStyle name="ERROR" styleID="1" fgColor="EBD6EB" bgColor="3F3F3F" fontName="" fontStyle="0" fontSize="" />
            <WordsStyle name="COMMENTLINE" styleID="2" fgColor="7F9F7F" bgColor="3F3F3F" fontName="" fontStyle="3" fontSize="" />
            <WordsStyle name="POD" styleID="3" fgColor="DCDCCC" bgColor="3F3F3F" fontName="" fontStyle="0" fontSize="" />
            <WordsStyle name="NUMBER" styleID="4" fgColor="8CD0D3" bgColor="3F3F3F" fontName="" fontStyle="0" fontSize="" />
            <WordsStyle name="INSTRUCTION" styleID="5" fgColor="E3CEAB" bgColor="3F3F3F" fontName="" fontStyle="1" fontSize="" keywordClass="instre1" />
            <WordsStyle name="STRING" styleID="6" fgColor="CC9393" bgColor="3F3F3F" fontName="" fontStyle="0" fontSize="" />
            <WordsStyle name="CHARACTER" styleID="7" fgColor="DCA3A3" bgColor="3F3F3F" fontName="" fontStyle="0" fontSize="" />
            <WordsStyle name="CLASS NAME" styleID="8" fgColor="DFE4CF" bgColor="3F3F3F" fontName="" fontStyle="1" fontSize="" />
            <WordsStyle name="DEF NAME" styleID="9" fgColor="EFEF8F" bgColor="3F3F3F" fontName="" fontStyle="0" fontSize="" />
            <WordsStyle name="OPERATOR" styleID="10" fgColor="9F9D6D" bgColor="3F3F3F" fontName="" fontStyle="1" fontSize="" />
            <WordsStyle name="IDENTIFIER" styleID="11" fgColor="FFEBDD" bgColor="3F3F3F" fontName="" fontStyle="0" fontSize="" />
            <WordsStyle name="REGEX" styleID="12" fgColor="CC9393" bgColor="3F3F3F" fontName="" fontStyle="1" fontSize="" />
            <WordsStyle name="GLOBAL" styleID="13" fgColor="FFEBDD" bgColor="3F3F3F" fontName="" fontStyle="3" fontSize="" />
            <WordsStyle name="SYMBOL" styleID="14" fgColor="E3CEAB" bgColor="3F3F3F" fontName="" fontStyle="0" fontSize="" />
            <WordsStyle name="MODULE NAME" styleID="15" fgColor="DCDCCC" bgColor="3F3F3F" fontName="" fontStyle="1" fontSize="" />
            <WordsStyle name="INSTANCE VAR" styleID="16" fgColor="FFCFAF" bgColor="3F3F3F" fontName="" fontStyle="0" fontSize="" />
            <WordsStyle name="CLASS VAR" styleID="17" fgColor="FFCFAF" bgColor="3F3F3F" fontName="" fontStyle="1" fontSize="" />
            <WordsStyle name="BACKTICKS" styleID="18" fgColor="DCDCCC" bgColor="3F3F3F" fontName="" fontStyle="0" fontSize="" />
            <WordsStyle name="DATA SECTION" styleID="19" fgColor="DCDCCC" bgColor="3F3F3F" fontName="" fontStyle="0" fontSize="" />
            <WordsStyle name="STRING Q" styleID="24" fgColor="C89191" bgColor="3F3F3F" fontName="" fontStyle="0" fontSize="" />
        </LexerType>
        <LexerType name="scheme" desc="Scheme" ext="">
            <WordsStyle name="DEFAULT" styleID="0" fgColor="DCDCCC" bgColor="3F3F3F" fontName="" fontStyle="0" fontSize="" />
            <WordsStyle name="COMMENTLINE" styleID="1" fgColor="7F9F7F" bgColor="3F3F3F" fontName="" fontStyle="3" fontSize="" />
            <WordsStyle name="NUMBER" styleID="2" fgColor="8CD0D3" bgColor="3F3F3F" fontName="" fontStyle="0" fontSize="" />
            <WordsStyle name="FUNCTION WORD" styleID="3" fgColor="EFEF8F" bgColor="3F3F3F" fontName="" fontStyle="1" fontSize="" keywordClass="instre1" />
            <WordsStyle name="SYMBOL" styleID="5" fgColor="E3CEAB" bgColor="3F3F3F" fontName="" fontStyle="1" fontSize="" />
            <WordsStyle name="STRING" styleID="6" fgColor="CC9393" bgColor="3F3F3F" fontName="" fontStyle="0" fontSize="" />
            <WordsStyle name="STRINGEOL" styleID="8" fgColor="CC9393" bgColor="3F3F3F" fontName="" fontStyle="0" fontSize="" />
            <WordsStyle name="IDENTIFIER" styleID="9" fgColor="DCDCCC" bgColor="3F3F3F" fontName="" fontStyle="0" fontSize="" />
            <WordsStyle name="OPERATOR" styleID="10" fgColor="9F9D6D" bgColor="3F3F3F" fontName="" fontStyle="1" fontSize="" keywordClass="type1" />
            <WordsStyle name="SPECIAL" styleID="11" fgColor="FFEBDD" bgColor="3F3F3F" fontName="" fontStyle="0" fontSize="" />
            <WordsStyle name="COMMENT" styleID="12" fgColor="7F9F7F" bgColor="3F3F3F" fontName="" fontStyle="3" fontSize="" />
        </LexerType>
        <LexerType name="smalltalk" desc="Smalltalk" ext="">
            <WordsStyle name="DEFAULT" styleID="0" fgColor="DCDCCC" bgColor="3F3F3F" fontName="" fontStyle="0" fontSize="" />
            <WordsStyle name="STRING" styleID="1" fgColor="CC9393" bgColor="3F3F3F" fontName="" fontStyle="0" fontSize="" />
            <WordsStyle name="NUMBER" styleID="2" fgColor="8CD0D3" bgColor="3F3F3F" fontName="" fontStyle="0" fontSize="" />
            <WordsStyle name="COMMENT" styleID="3" fgColor="7F9F7F" bgColor="3F3F3F" fontName="" fontStyle="3" fontSize="" />
            <WordsStyle name="SYMBOL" styleID="4" fgColor="FFEBDD" bgColor="3F3F3F" fontName="" fontStyle="1" fontSize="" />
            <WordsStyle name="BINARY" styleID="5" fgColor="8CD0D3" bgColor="3F3F3F" fontName="" fontStyle="0" fontSize="" />
            <WordsStyle name="BOOL" styleID="6" fgColor="DCDCCC" bgColor="3F3F3F" fontName="" fontStyle="0" fontSize="" />
            <WordsStyle name="SELF" styleID="7" fgColor="CEDF99" bgColor="3F3F3F" fontName="" fontStyle="0" fontSize="" />
            <WordsStyle name="SUPER" styleID="8" fgColor="DCDCCC" bgColor="3F3F3F" fontName="" fontStyle="1" fontSize="" />
            <WordsStyle name="NIL" styleID="9" fgColor="DCDCCC" bgColor="3F3F3F" fontName="" fontStyle="0" fontSize="" />
            <WordsStyle name="GLOBAL" styleID="10" fgColor="EFEF8F" bgColor="3F3F3F" fontName="" fontStyle="0" fontSize="" />
            <WordsStyle name="RETURN" styleID="11" fgColor="FFCFAF" bgColor="3F3F3F" fontName="" fontStyle="1" fontSize="" />
            <WordsStyle name="SPECIAL" styleID="12" fgColor="E3CEAB" bgColor="3F3F3F" fontName="" fontStyle="0" fontSize="" />
            <WordsStyle name="KWS END" styleID="13" fgColor="FFCFAF" bgColor="3F3F3F" fontName="" fontStyle="0" fontSize="" />
            <WordsStyle name="ASSIGN" styleID="14" fgColor="9F9D6D" bgColor="3F3F3F" fontName="" fontStyle="1" fontSize="" />
            <WordsStyle name="CHARACTER" styleID="15" fgColor="DCA3A3" bgColor="3F3F3F" fontName="" fontStyle="0" fontSize="" />
            <WordsStyle name="SPECIAL SELECTOR" styleID="16" fgColor="E3CEAB" bgColor="3F3F3F" fontName="" fontStyle="0" fontSize="" />
        </LexerType>
        <LexerType name="sql" desc="SQL" ext="">
            <WordsStyle name="KEYWORD" styleID="5" fgColor="DFC47D" bgColor="3F3F3F" fontName="" fontStyle="1" fontSize="" keywordClass="instre1" />
            <WordsStyle name="NUMBER" styleID="4" fgColor="8CD0D3" bgColor="3F3F3F" fontName="" fontStyle="0" fontSize="" />
            <WordsStyle name="STRING" styleID="6" fgColor="CC9393" bgColor="3F3F3F" fontName="" fontStyle="0" fontSize="" />
            <WordsStyle name="STRING2" styleID="7" fgColor="CC9393" bgColor="3F3F3F" fontName="" fontStyle="0" fontSize="" />
            <WordsStyle name="OPERATOR" styleID="10" fgColor="9F9D6D" bgColor="3F3F3F" fontName="" fontStyle="1" fontSize="" />
            <WordsStyle name="COMMENT" styleID="1" fgColor="7F9F7F" bgColor="3F3F3F" fontName="" fontStyle="3" fontSize="" />
            <WordsStyle name="COMMENT LINE" styleID="2" fgColor="7F9F7F" bgColor="3F3F3F" fontName="" fontStyle="3" fontSize="" />
        </LexerType>
        <LexerType name="tcl" desc="TCL" ext="">
            <WordsStyle name="PREPROCESSOR" styleID="9" fgColor="7F9F7F" bgColor="3F3F3F" fontName="" fontStyle="0" fontSize="" />
            <WordsStyle name="DEFAULT" styleID="11" fgColor="DCDCCC" bgColor="3F3F3F" fontName="" fontStyle="0" fontSize="" />
            <WordsStyle name="INSTRUCTION WORD" styleID="5" fgColor="DFC47D" bgColor="3F3F3F" fontName="" fontStyle="1" fontSize="" keywordClass="instre1" />
            <WordsStyle name="TYPE WORD" styleID="16" fgColor="CEDF99" bgColor="3F3F3F" fontName="" fontStyle="1" fontSize="" keywordClass="type1" />
            <WordsStyle name="NUMBER" styleID="4" fgColor="8CD0D3" bgColor="3F3F3F" fontName="" fontStyle="0" fontSize="" />
            <WordsStyle name="STRING" styleID="6" fgColor="CC9393" bgColor="3F3F3F" fontName="" fontStyle="0" fontSize="" />
            <WordsStyle name="IDENTIFIER" styleID="7" fgColor="DCA3A3" bgColor="3F3F3F" fontName="" fontStyle="0" fontSize="" />
            <WordsStyle name="OPERATOR" styleID="10" fgColor="9F9D6D" bgColor="3F3F3F" fontName="" fontStyle="1" fontSize="" />
            <WordsStyle name="VERBATIM" styleID="13" fgColor="CC9393" bgColor="3F3F3F" fontName="" fontStyle="0" fontSize="" />
            <WordsStyle name="REGEX" styleID="14" fgColor="C89191" bgColor="3F3F3F" fontName="" fontStyle="1" fontSize="" />
            <WordsStyle name="COMMENT" styleID="1" fgColor="7F9F7F" bgColor="3F3F3F" fontName="" fontStyle="3" fontSize="" />
            <WordsStyle name="COMMENT LINE" styleID="2" fgColor="7F9F7F" bgColor="3F3F3F" fontName="" fontStyle="3" fontSize="" />
            <WordsStyle name="COMMENT DOC" styleID="3" fgColor="7F9F7F" bgColor="3F3F3F" fontName="" fontStyle="3" fontSize="" />
            <WordsStyle name="COMMENT LINE DOC" styleID="15" fgColor="7F9F7F" bgColor="3F3F3F" fontName="" fontStyle="3" fontSize="" />
            <WordsStyle name="COMMENT BOX" styleID="17" fgColor="7F9F7F" bgColor="3F3F3F" fontName="" fontStyle="2" fontSize="" />
            <WordsStyle name="BLOCK COMMENT" styleID="18" fgColor="7F9F7F" bgColor="3F3F3F" fontName="" fontStyle="2" fontSize="" />
            <WordsStyle name="EXPAND" styleID="11" fgColor="000000" bgColor="FFFFFF" fontName="" fontStyle="0" fontSize="" />
            <WordsStyle name="SUB BRACE" styleID="9" fgColor="808080" bgColor="FFFFFF" fontName="" fontStyle="0" fontSize="" />
            <WordsStyle name="SUBSTITUTION" styleID="8" fgColor="808080" bgColor="FFFFFF" fontName="" fontStyle="0" fontSize="" />
            <WordsStyle name="WORD IN QUOTE" styleID="4" fgColor="CC9393" bgColor="3F3F3F" fontName="" fontStyle="1" fontSize="" />
            <WordsStyle name="IN QUOTE" styleID="5" fgColor="CC9393" bgColor="3F3F3F" fontName="" fontStyle="0" fontSize="" />
        </LexerType>
        <LexerType name="tex" desc="TeX" ext="">
            <WordsStyle name="DEFAULT" styleID="0" fgColor="DCDCCC" bgColor="3F3F3F" fontName="" fontStyle="0" fontSize="" />
            <WordsStyle name="SPECIAL" styleID="1" fgColor="8CD0D3" bgColor="3F3F3F" fontName="" fontStyle="1" fontSize="" />
            <WordsStyle name="GROUP" styleID="2" fgColor="CEDF99" bgColor="3F3F3F" fontName="" fontStyle="1" fontSize="" />
            <WordsStyle name="SYMBOL" styleID="3" fgColor="DFC47D" bgColor="3F3F3F" fontName="" fontStyle="0" fontSize="" />
            <WordsStyle name="COMMAND" styleID="4" fgColor="FFCFAF" bgColor="3F3F3F" fontName="" fontStyle="1" fontSize="" />
            <WordsStyle name="TEXT" styleID="5" fgColor="CC9393" bgColor="3F3F3F" fontName="" fontStyle="0" fontSize="" />
        </LexerType>
        <LexerType name="vb" desc="VB / VBS" ext="">
            <WordsStyle name="DEFAULT" styleID="7" fgColor="DCDCCC" bgColor="3F3F3F" fontName="" fontStyle="0" fontSize="" />
            <WordsStyle name="COMMENT" styleID="1" fgColor="7F9F7F" bgColor="3F3F3F" fontName="" fontStyle="2" fontSize="" />
            <WordsStyle name="NUMBER" styleID="2" fgColor="8CD0D3" bgColor="3F3F3F" fontName="" fontStyle="1" fontSize="" />
            <WordsStyle name="WORD" styleID="3" fgColor="CEDF99" bgColor="3F3F3F" fontName="" fontStyle="0" fontSize="" keywordClass="instre1" />
            <WordsStyle name="STRING" styleID="4" fgColor="CC9393" bgColor="3F3F3F" fontName="" fontStyle="0" fontSize="" />
            <WordsStyle name="PREPROCESSOR" styleID="5" fgColor="FFCFAF" bgColor="3F3F3F" fontName="" fontStyle="0" fontSize="" />
            <WordsStyle name="OPERATOR" styleID="6" fgColor="9F9D6D" bgColor="3F3F3F" fontName="" fontStyle="1" fontSize="" />
            <WordsStyle name="DATE" styleID="8" fgColor="DFC47D" bgColor="3F3F3F" fontName="" fontStyle="0" fontSize="" />
        </LexerType>
        <LexerType name="verilog" desc="Verilog" ext="">
            <WordsStyle name="DEFAULT" styleID="0" fgColor="DCDCCC" bgColor="3F3F3F" fontName="" fontStyle="0" fontSize="" />
            <WordsStyle name="IDENTIFIER" styleID="11" fgColor="DCDCCC" bgColor="3F3F3F" fontName="" fontStyle="0" fontSize="" />
            <WordsStyle name="TAGNAME" styleID="2" fgColor="E3CEAB" bgColor="3F3F3F" fontName="" fontStyle="0" fontSize="" />
            <WordsStyle name="INSTRUCTION WORD" styleID="5" fgColor="DFC47D" bgColor="3F3F3F" fontName="" fontStyle="1" fontSize="" keywordClass="instre1" />
            <WordsStyle name="KEYWORD" styleID="7" fgColor="CEDF99" bgColor="3F3F3F" fontName="" fontStyle="0" fontSize="" keywordClass="type1" />
            <WordsStyle name="OPERATOR" styleID="10" fgColor="9F9D6D" bgColor="3F3F3F" fontName="" fontStyle="1" fontSize="" />
            <WordsStyle name="NUMBER" styleID="4" fgColor="8CD0D3" bgColor="3F3F3F" fontName="" fontStyle="0" fontSize="" />
            <WordsStyle name="PREPROCESSOR" styleID="9" fgColor="FFCFAF" bgColor="3F3F3F" fontName="" fontStyle="0" fontSize="" />
            <WordsStyle name="STRING" styleID="6" fgColor="CC9393" bgColor="3F3F3F" fontName="" fontStyle="0" fontSize="" />
            <WordsStyle name="COMMENT" styleID="1" fgColor="7F9F7F" bgColor="3F3F3F" fontName="" fontStyle="3" fontSize="" />
            <WordsStyle name="COMMENT LINE" styleID="2" fgColor="7F9F7F" bgColor="3F3F3F" fontName="" fontStyle="3" fontSize="" />
            <WordsStyle name="COMMENT LINE BANG" styleID="3" fgColor="7F9F7F" bgColor="3F3F3F" fontName="" fontStyle="2" fontSize="" />
            <WordsStyle name="STRING EOL" styleID="12" fgColor="DCA3A3" bgColor="3F3F3F" fontName="" fontStyle="1" fontSize="" />
            <WordsStyle name="USER" styleID="19" fgColor="DCDCCC" bgColor="3F3F3F" fontName="" fontStyle="2" fontSize="" />
        </LexerType>
        <LexerType name="vhdl" desc="VHDL" ext="">
            <WordsStyle name="DEFAULT" styleID="0" fgColor="DCDCCC" bgColor="3F3F3F" fontName="" fontStyle="0" fontSize="" />
            <WordsStyle name="COMMENT" styleID="1" fgColor="7F9F7F" bgColor="3F3F3F" fontName="" fontStyle="3" fontSize="" />
            <WordsStyle name="COMMENT LINE" styleID="2" fgColor="7F9F7F" bgColor="3F3F3F" fontName="" fontStyle="3" fontSize="" />
            <WordsStyle name="NUMBER" styleID="3" fgColor="8CD0D3" bgColor="3F3F3F" fontName="" fontStyle="0" fontSize="" />
            <WordsStyle name="STRING" styleID="4" fgColor="CC9393" bgColor="3F3F3F" fontName="" fontStyle="0" fontSize="" />
            <WordsStyle name="OPERATOR" styleID="5" fgColor="9F9D6D" bgColor="3F3F3F" fontName="" fontStyle="1" fontSize="" />
            <WordsStyle name="IDENTIFIER" styleID="6" fgColor="DCDCCC" bgColor="3F3F3F" fontName="" fontStyle="0" fontSize="" />
            <WordsStyle name="STRING EOL" styleID="7" fgColor="DCA3A3" bgColor="3F3F3F" fontName="" fontStyle="0" fontSize="" />
            <WordsStyle name="INSTRUCTION" styleID="8" fgColor="E3CEAB" bgColor="3F3F3F" fontName="" fontStyle="1" fontSize="" keywordClass="instre1" />
            <WordsStyle name="STD OPERATOR" styleID="9" fgColor="DFC47D" bgColor="3F3F3F" fontName="" fontStyle="1" fontSize="" keywordClass="instre2" />
            <WordsStyle name="ATTRIBUTE" styleID="10" fgColor="DCDCCC" bgColor="3F3F3F" fontName="" fontStyle="1" fontSize="" keywordClass="type1" />
            <WordsStyle name="DIRECTIVE" styleID="9" fgColor="DCDCCC" bgColor="3F3F3F" fontName="" fontStyle="0" fontSize="" />
            <WordsStyle name="DIRECTIVE OPERAND" styleID="10" fgColor="9F9D6D" bgColor="3F3F3F" fontName="" fontStyle="1" fontSize="" />
            <WordsStyle name="STD FUNCTION" styleID="11" fgColor="EFEF8F" bgColor="3F3F3F" fontName="" fontStyle="1" fontSize="" keywordClass="type2" />
            <WordsStyle name="STD PACKAGE" styleID="12" fgColor="DCDCCC" bgColor="3F3F3F" fontName="" fontStyle="0" fontSize="" keywordClass="type3" />
            <WordsStyle name="STD TYPE" styleID="13" fgColor="CEDF99" bgColor="3F3F3F" fontName="" fontStyle="0" fontSize="" keywordClass="type4" />
            <WordsStyle name="USER DEFINE" styleID="14" fgColor="FFEBDD" bgColor="3F3F3F" fontName="" fontStyle="0" fontSize="" keywordClass="type5" />
        </LexerType>
        <LexerType name="xml" desc="XML" ext="">
            <WordsStyle name="XMLSTART" styleID="12" fgColor="7F9F7F" bgColor="3F3F3F" fontName="" fontStyle="0" fontSize="" />
            <WordsStyle name="XMLEND" styleID="13" fgColor="7F9F7F" bgColor="3F3F3F" fontName="" fontStyle="0" fontSize="" />
            <WordsStyle name="DEFAULT" styleID="0" fgColor="DCDCCC" bgColor="3F3F3F" fontName="" fontStyle="0" fontSize="" />
            <WordsStyle name="COMMENT" styleID="9" fgColor="7F9F7F" bgColor="3F3F3F" fontName="" fontStyle="3" fontSize="" />
            <WordsStyle name="NUMBER" styleID="5" fgColor="8CD0D3" bgColor="3F3F3F" fontName="" fontStyle="0" fontSize="" />
            <WordsStyle name="DOUBLESTRING" styleID="6" fgColor="C89191" bgColor="3F3F3F" fontName="" fontStyle="0" fontSize="">if else for while</WordsStyle>
            <WordsStyle name="SINGLESTRING" styleID="7" fgColor="C89191" bgColor="3F3F3F" fontName="" fontStyle="0" fontSize="">bool long int char</WordsStyle>
            <WordsStyle name="TAG" styleID="1" fgColor="E3CEAB" bgColor="3F3F3F" fontName="" fontStyle="0" fontSize="" />
            <WordsStyle name="TAGEND" styleID="11" fgColor="E3CEAB" bgColor="3F3F3F" fontName="" fontStyle="0" fontSize="" />
            <WordsStyle name="TAGUNKNOWN" styleID="2" fgColor="EDD6ED" bgColor="3F3F3F" fontName="" fontStyle="0" fontSize="" />
            <WordsStyle name="ATTRIBUTE" styleID="3" fgColor="DFDFDF" bgColor="3F3F3F" fontName="" fontStyle="1" fontSize="" />
            <WordsStyle name="ATTRIBUTEUNKNOWN" styleID="4" fgColor="DFDFDF" bgColor="3F3F3F" fontName="" fontStyle="2" fontSize="" />
            <WordsStyle name="SGMLDEFAULT" styleID="21" fgColor="DFDFDF" bgColor="3F3F3F" fontName="" fontStyle="0" fontSize="" />
            <WordsStyle name="CDATA" styleID="17" fgColor="C89191" bgColor="3F3F3F" fontName="" fontStyle="0" fontSize="" />
        </LexerType>
        <LexerType name="yaml" desc="YAML" ext="">
            <WordsStyle name="DEFAULT" styleID="0" fgColor="DCDCCC" bgColor="3F3F3F" fontName="" fontStyle="0" fontSize="" />
            <WordsStyle name="IDENTIFIER" styleID="2" fgColor="FFCFAF" bgColor="3F3F3F" fontName="" fontStyle="1" fontSize="" />
            <WordsStyle name="COMMENT" styleID="1" fgColor="7F9F7F" bgColor="3F3F3F" fontName="" fontStyle="3" fontSize="" />
            <WordsStyle name="INSTRUCTION WORD" styleID="3" fgColor="DFC47D" bgColor="3F3F3F" fontName="" fontStyle="1" fontSize="" keywordClass="instre1" />
            <WordsStyle name="NUMBER" styleID="4" fgColor="8CD0D3" bgColor="3F3F3F" fontName="" fontStyle="0" fontSize="">if else for while</WordsStyle>
            <WordsStyle name="REFERENCE" styleID="5" fgColor="CEDF99" bgColor="3F3F3F" fontName="" fontStyle="0" fontSize="">if else for while</WordsStyle>
            <WordsStyle name="DOCUMENT" styleID="6" fgColor="E3CEAB" bgColor="3F3F3F" fontName="" fontStyle="0" fontSize="">bool long int char</WordsStyle>
            <WordsStyle name="TEXT" styleID="7" fgColor="CC9393" bgColor="3F3F3F" fontName="" fontStyle="0" fontSize="" />
            <WordsStyle name="ERROR" styleID="8" fgColor="EBD6EB" bgColor="3F3F3F" fontName="" fontStyle="2" fontSize="" />
        </LexerType>
        <LexerType name="searchResult" desc="Search result" ext="">
            <WordsStyle name="Default" styleID="0" fgColor="DCDCCC" bgColor="3F3F3F" fontName="" fontStyle="0" fontSize="" />
            <WordsStyle name="Search Header" styleID="1" fgColor="101010" bgColor="8FAF9F" fontName="" fontStyle="1" fontSize="" />
            <WordsStyle name="File Header" styleID="2" fgColor="E3CEAB" bgColor="3F3F3F" fontName="" fontStyle="2" fontSize="" />
            <WordsStyle name="Line Number" styleID="3" fgColor="8CD0D3" bgColor="3F3F3F" fontName="" fontStyle="2" fontSize="" />
            <WordsStyle name="Hit Word" styleID="4" fgColor="CCE08C" bgColor="3F3F3F" fontName="" fontStyle="1" fontSize="" keywordClass="instre2">if else for while</WordsStyle>
            <WordsStyle name="Selected Line" styleID="5" fgColor="AFE7B3" bgColor="3F3F3F" fontName="" fontStyle="1" fontSize="" keywordClass="type1">bool long int char</WordsStyle>
            <WordsStyle name="Current line background colour" styleID="6" fgColor="DCDCCC" bgColor="585858" fontName="" fontStyle="1" fontSize="" />
        </LexerType>
        <LexerType name="tpl" desc="TPL" ext="">
            <WordsStyle name="PREPROCESSOR" styleID="9" fgColor="FFCFAF" bgColor="3F3F3F" fontName="" fontStyle="0" fontSize="" />
            <WordsStyle name="DEFAULT" styleID="11" fgColor="DCDCCC" bgColor="3F3F3F" fontName="" fontStyle="0" fontSize="" />
            <WordsStyle name="INSTRUCTION WORD" styleID="5" fgColor="DFC47D" bgColor="3F3F3F" fontName="" fontStyle="1" fontSize="" keywordClass="instre1" />
            <WordsStyle name="TYPE WORD" styleID="16" fgColor="CEDF99" bgColor="3F3F3F" fontName="" fontStyle="1" fontSize="" keywordClass="type1" />
            <WordsStyle name="NUMBER" styleID="4" fgColor="8CD0D3" bgColor="3F3F3F" fontName="" fontStyle="0" fontSize="" />
            <WordsStyle name="STRING" styleID="6" fgColor="CC9393" bgColor="3F3F3F" fontName="" fontStyle="0" fontSize="" />
            <WordsStyle name="CHARACTER" styleID="7" fgColor="DCA3A3" bgColor="3F3F3F" fontName="" fontStyle="0" fontSize="" />
            <WordsStyle name="OPERATOR" styleID="10" fgColor="9F9D6D" bgColor="3F3F3F" fontName="" fontStyle="1" fontSize="" />
            <WordsStyle name="VERBATIM" styleID="13" fgColor="CC9393" bgColor="3F3F3F" fontName="" fontStyle="0" fontSize="" />
            <WordsStyle name="REGEX" styleID="14" fgColor="C89191" bgColor="3F3F3F" fontName="" fontStyle="1" fontSize="" />
            <WordsStyle name="COMMENT" styleID="1" fgColor="7F9F7F" bgColor="3F3F3F" fontName="" fontStyle="2" fontSize="" />
            <WordsStyle name="COMMENT LINE" styleID="2" fgColor="7F9F7F" bgColor="3F3F3F" fontName="" fontStyle="3" fontSize="" />
            <WordsStyle name="COMMENT DOC" styleID="3" fgColor="7F9F7F" bgColor="3F3F3F" fontName="" fontStyle="3" fontSize="" />
            <WordsStyle name="COMMENT LINE DOC" styleID="15" fgColor="7F9F7F" bgColor="3F3F3F" fontName="" fontStyle="2" fontSize="" />
            <WordsStyle name="COMMENT DOC KEYWORD" styleID="17" fgColor="7F9F7F" bgColor="3F3F3F" fontName="" fontStyle="3" fontSize="" />
            <WordsStyle name="COMMENT DOC KEYWORD ERROR" styleID="18" fgColor="7F9F7F" bgColor="3F3F3F" fontName="" fontStyle="2" fontSize="" />
        </LexerType>
    </LexerStyles>
    <GlobalStyles>
        <!-- Attention : Don't modify the name of styleID="0" -->
        <WidgetStyle name="Global override" styleID="0" fgColor="DCDCCC" bgColor="3F3F3F" fontName="Courier New" fontStyle="0" fontSize="11" />
        <WidgetStyle name="Default Style" styleID="32" fgColor="DCDCCC" bgColor="3F3F3F" fontName="Courier New" fontStyle="0" fontSize="11" />
        <WidgetStyle name="Indent guideline style" styleID="37" fgColor="434E4E" bgColor="3F3F3F" fontName="" fontStyle="0" fontSize="" />
        <WidgetStyle name="Brace highlight style" styleID="34" fgColor="F0F9F9" bgColor="3F3F3F" fontName="" fontStyle="1" fontSize="" />
        <WidgetStyle name="Bad brace colour" styleID="35" fgColor="F09F9F" bgColor="3F3F3F" fontName="" fontStyle="0" fontSize="" />
        <WidgetStyle name="Current line background colour" styleID="0" bgColor="101010" />
        <WidgetStyle name="Selected text colour" styleID="0" bgColor="585858" fgColor="CC0000" />
        <WidgetStyle name="Caret colour" styleID="2069" fgColor="8FAF9F" bgColor="49483E" />
        <WidgetStyle name="Edge colour" styleID="0" fgColor="FF0080" />
        <WidgetStyle name="Line number margin" styleID="33" fgColor="8A8A8A" bgColor="0C0C0C" fontName="" fontStyle="0" fontSize="" />
        <WidgetStyle name="Fold" styleID="0" fgColor="707070" bgColor="101010" />
        <WidgetStyle name="Fold margin" styleID="0" fgColor="181818" bgColor="101010" fontSize="8" fontStyle="0" />
        <WidgetStyle name="White space symbol" styleID="0" fgColor="604F58" bgColor="EEEEEC" />
        <WidgetStyle name="Smart HighLighting" styleID="29" bgColor="358A35" fgColor="555753" />
        <WidgetStyle name="Incremental highlight all" styleID="28" bgColor="0080FF" fgColor="FCAF3E" />
        <WidgetStyle name="Tags match highlighting" styleID="27" bgColor="8C7B67" fgColor="555753" />
        <WidgetStyle name="Tags attribute" styleID="26" bgColor="78926F" fgColor="CC0000" fontSize="10" fontStyle="0" />
        <WidgetStyle name="Active tab focused indicator" styleID="0" fgColor="80D4B2" bgColor="FFFF00" />
        <WidgetStyle name="Active tab unfocused indicator" styleID="0" fgColor="3FBA89" bgColor="8000FF" />
        <WidgetStyle name="Active tab text" styleID="0" fgColor="101010" bgColor="008000" />
        <WidgetStyle name="Inactive tabs" styleID="0" fgColor="808080" bgColor="C0C0C0" />
        <WidgetStyle name="Unsaved change marker" styleID="0" bgColor="B08890" fgColor="808080" />
        <WidgetStyle name="Saved change marker" styleID="0" bgColor="88B090" fgColor="FFCAB0" />
        <WidgetStyle name="Find Mark Style" styleID="31" bgColor="FF0000" fgColor="FAAA3C" />
        <WidgetStyle name="Mark Style 1" styleID="25" bgColor="00FFFF" fgColor="FFCAB0" />
        <WidgetStyle name="Mark Style 2" styleID="24" bgColor="FF8000" fgColor="000000" />
        <WidgetStyle name="Mark Style 3" styleID="23" bgColor="FFFF00" fgColor="808080" />
        <WidgetStyle name="Mark Style 4" styleID="22" bgColor="8000FF" />
        <WidgetStyle name="Mark Style 5" styleID="21" bgColor="008000" />
    </GlobalStyles>
</NotepadPlus>
